gram_key,food_type,gram_type,tag1,tag2,tag3,tag4
chilli,f,1,,,,
chile,f,1,,,,
quinoa,f,1,,,,
magnesium,m,1,??,,,
multivitamin,m,1,,,,
macaroni,f,1,,,,
bread,f,1,,,,
pho,f,1,,,,
vodka,b,1,alcohol?,,,
ice,b,1,??,,,
eggplant,f,1,,,,
bun,f,1,,,,
onion,f,1,,,,
naan,f,1,,,,
flonase,m,1,,,,
monster,b,1,,,,
olive,f,1,,,,
teriyaki,f,1,,,,
ceviche,f,1,,,,
avocado,f,1,,,,
almond,f,1,,,,
bacon,f,1,,,,
coke,b,1,,,,
juice,b,1,,,,
pinto,f,1,chicken? ,,,
drumstick,f,1,chicken? ,,,
cucumber,f,1,,,,
tofu,f,1,,,,
cornbread,f,1,,,,
water,w,1,,,,
cake,f,1,,,,
waffle,f,1,,,,
trout,f,1,,,,
kale,f,1,,,,
sugar,f,1,,,,
tortilla,f,1,,,,
sandwich,f,1,,,,
pepper,f,1,,,,
salmon,f,1,,,,
frittata,f,1,,,,
burger,f,1,,,,
flour,f,1,,,,
stuffing,f,1,,,,
cassava,f,1,,,,
gelato,f,1,,,,
tortellini,f,1,,,,
cream,b,1,,,,
cheetos,f,1,,,,
muffin,f,1,,,,
marinara,f,1,,,,
mocha,b,1,coffee,,,
mango,f,1,,,,
poke,f,1,,,,
beef,f,1,,,,
milk,b,1,,,,
spaghetti,f,1,,,,
doritos,f,1,,,,
lexapro,m,1,,,,
tamale,f,1,,,,
oat,f,1,,,,
watermelon,f,1,Fruit,,,
banana,f,1,,,,
arugula,f,1,,,,
hotdog,f,1,,,,
taco,f,1,,,,
tequila,b,1,alcohol?,,,
macadamia,f,1,,,,
lobster,f,1,,,,
gyro,f,1,,,,
maple,b,1,,,,
bai,b,1,,,,
celery,f,1,,,,
shake,b,1,burger?,,,
salad,b,1,,,,
latte,b,1,coffee,,,
oj,b,1,orange juice,,,
garbanzo,f,1,,,,
carrot,f,1,,,,
gum,f,1,,,,
coleslaw,f,1,Vegetable,Salad,,
goat,f,1,,,,
fry,f,1,,,,
alfredo,f,1,,,,
yogurt,b,1,,,,
glucosamine,m,1,,,,
fish,f,1,,,,
slider,f,1,,,,
honey,b,1,,,,
strawberry,f,1,,,,
machaca,f,1,,,,
corn,f,1,,,,
pineapple,f,1,,,,
subway,f,1,,,,
parmesan,f,1,,,,
spinach,f,1,,,,
syrup,b,1,,,,
chili,f,1,,,,
salt,f,1,,,,
edamame,f,1,,,,
chicken,f,1,,,,
vitamin,m,1,,,,
barley,f,1,,,,
lasagna,f,1,noddles? ,,,
cheese,f,1,,,,
candy,f,1,,,,
salami,f,1,,,,
halibut,f,1,,,,
ipa,b,1,,,,
oil,f,1,,,,
vanilla,f,1,,,,
cod,f,1,,,,
tangerine,f,1,orange?,,,
jam,f,1,,,,
peach,f,1,,,,
balsamic,f,1,,,,
raisin,f,1,,,,
chip,f,1,,,,
apple,f,1,Fruit,,,
elk,f,1,,,,
pickle,f,1,,,,
tonic,b,1,,,,
butter,f,1,,,,
panini,f,1,,,,
chorizo,f,1,,,,
ale,b,1,,,,
mayonnaise,f,1,,,,
supplement,f,1,??,,,
pork,f,1,,,,
cappuccino,b,1,coffee,,,
plantain,f,1,,,,
curry,f,1,,,,
sushi,f,1,,,,
asparagus,f,1,,,,
cooky,f,1,,,,
nectarine,f,1,,,,
cauliflower,f,1,,,,
raspberry,f,1,,,,
chai,b,1,,,,
yolk,f,1,,,,
seltzer,b,1,,,,
chia,f,1,?,,,
rib,f,1,,,,
pepcid,m,1,,,,
wheat,f,1,,,,
chocolate,f,1,,,,
masala,f,1,,,,
sprout,f,1,,,,
pita,f,1,Bread,,,
acai,f,1,,,,
pie,f,1,,,,
green,f,1,,,,
pasta,f,1,,,,
pecan,f,1,,,,
pumpkin,f,1,Vegetable,,,
vinegar,f,1,,,,
garlic,f,1,,,,
meal,f,1,??,,,
vinaigrette,f,1,,,,
wine,b,1,,,,
squash,f,1,,,,
walnut,f,1,,,,
lemonade,b,1,,,,
hamburger,f,1,,,,
coconut,b,1,,,,
beer,b,1,,,,
ham,f,1,,,,
turmeric,m,1,,,,
collagen,b,1,,,,
mahi,f,1,,,,
soda,b,1,,,,
mint,f,1,,,,
fig,f,1,,,,
ketchup,f,1,,,,
arugala,f,1,,,,
cinnamon,f,1,,,,
shrimp,f,1,,,,
crab,f,1,Crab,,,
donut,f,1,,,,
bratwurst,f,1,,,,
cranberry,f,1,,,,
creamer,b,1,,,,
coffee,b,1,,,,
fruit,f,1,??,,,
nacho,f,1,?,,,
soup,f,1,,,,
beet,f,1,,,,
pancake,f,1,cake?,,,
gatorade,b,1,,,,
mozzarella,f,1,Cheese,,,
lisinopril,m,1,,,,
bean,f,1,,,,
cantaloupe,f,1,,,,
stew,f,1,,,,
gabapentin,m,1,,,,
feta,f,1,,,,
tomato,f,1,,,,
date,f,1,Dry fruit,,,
yam,f,1,,,,
icecream,f,1,ice cream,,,
lettuce,f,1,,,,
whiskey,b,1,alcohol?,,,
calamari,f,1,,,,
pepsi,b,1,,,,
wing,f,1,,,,
broccoli,f,1,,,,
blueberry,f,1,,,,
peanut,f,1,Nuts,,,
doughnut,f,1,,,,
kombucha,b,1,,,,
chowder,f,1,,,,
brisket,f,1,,,,
bagel,f,1,,,,
grape,f,1,,,,
cashew,f,1,,,,
cheerio,f,1,,,,
tot,f,1,,,,
melon,f,1,,,,
cookie,f,1,,,,
pea,f,1,,,,
sausage,f,1,,,,
tea,b,1,,,,
bang,b,1,,,,
sunflower,f,1,,,,
toast,f,1,,,,
noodle,f,1,,,,
artichoke,f,1,,,,
fajita,f,1,,,,
ginger,f,1,,,,
ramen,f,1,,,,
dressing,f,1,,,,
orange,f,1,,,,
caprese,f,1,,,,
potato,f,1,,,,
berry,f,1,,,,
coors,b,1,,,,
seafood,f,1,??,,,
margarita,b,1,,,,
ranch,f,1,,,,
jelly,f,1,,,,
brownie,f,1,,,,
nut,f,1,,,,
pastrami,f,1,,,,
basil,f,1,,,,
lamb,f,1,,,,
blackberry,f,1,,,,
rice,f,1,,,,
pizza,f,1,,,,
cheesecake,f,1,cake?,,,
cabbage,f,1,,,,
popcorn,f,1,Snack,,,
tuna,f,1,,,,
quesadilla,f,1,Should be unigram ,,,
cheddar,f,1,,,,
quiche,f,1,,,,
splenda,f,1,,,,
granola,f,1,oatmeal?,,,
brussels,f,1,,,,
vegetable,f,1,,,,
fettuccine,f,1,,,,
lime,f,1,,,,
probiotic,m,1,,,,
clam,f,1,,,,
cilantro,f,1,,,,
lemon,f,1,,,,
jerky,f,1,,,,
smoothie,b,1,,,,
pistachio,f,1,,,,
wrap,f,1,,,,
cereal,f,1,,,,
brussel,f,1,,,,
salsa,f,1,,,,
omelet,f,1,egg?,,,
rotisserie,f,1,Chicken,,,
croissant,f,1,,,,
gravy,f,1,,,,
rum,b,1,alcohol?,,,
ravioli,f,1,,,,
plum,f,1,,,,
bbq,f,1,,,,
pesto,f,1,,,,
spread,f,1,,,,
mushroom,f,1,,,,
mayo,f,1,,,,
guacamole,f,1,,,,
sourdough,f,1,,,,
sesame,f,1,,,,
roll,f,1,,,,
zucchini,f,1,,,,
bison,f,1,,,,
oatmeal,f,1,,,,
meat,f,1,,,,
veggie,f,1,,,,
claritin,m,1,,,,
cracker,f,1,,,,
casserole,f,1,,,,
lentil,f,1,,,,
potatoe,f,1,,,,
pear,f,1,,,,
meatloaf,f,1,,,,
hummus,f,1,,,,
couscous,f,1,,,,
biscuit,f,1,,,,
fajitas,f,1,,,,
cheeseburger,f,1,burger,,,
pepperoni,f,1,,,,
mustard,f,1,,,,
omelette,f,1,egg?,,,
seed,f,1,,,,
cherry,f,1,,,,
steak,f,1,,,,
grapefruit,f,1,,,,
meatball,f,1,,,,
carnitas,f,1,,,,
burrito,f,1,,,,
turkey,f,1,,,,
muesli,f,1,,,,
enchilada,f,1,,,,
pretzel,f,1,Should be unigram ,,,
gin,b,1,,,,
calcium,m,1,,,,
atarax,m,1,,,,
egg,f,1,,,,
protein,b,1,,,,
jalapeno,f,1,,,,
seaweed,f,1,,,,
baked chicken,f,2,,,,
cheese sandwich,f,2,,,,
salad veggie,f,2,veggie?,,,
red wine,b,2,,,,
cauliflower rice,f,2,,,,
baked veggie,f,2,,,,
trail mix,f,2,,,,
black tea,b,2,,,,
pita bread,f,2,,,,
hot dog,f,2,,,,
coffee sugar,b,2,coffee,,,
turkey sausage,f,2,turkey,sausage,,
breakfast burrito,f,2,,,,
cottage cheese,f,2,cheese,,,
mexican rice,f,2,,,,
raw sugar,b,2,sugar,,,
coconut water,b,2,,,,
pb j,f,2,,,,
seaweed salad,f,2,,,,
egg bite,f,2,,,,
coffee splenda,f,2,coffee,,,
ham cheese,f,2,,,,
flour tortilla,f,2,,,,
stir fry,f,2,,,,
pad thai,f,2,,,,
lentil soup,f,2,,,,
garlic bread,f,2,,,,
kale salad,f,2,,,,
half avocado,f,2,avocado,,,
corn bread,f,2,,,,
chicken sausage,f,2,,,,
emergen c,b,2,,,,
hard seltzer,b,2,,,,
lettuce wrap,f,2,,,,
roasted vegetable,f,2,,,,
spinach wrap,f,2,,,,
yogurt fruit,f,2,,,,
chocolate chip,f,2,,,,
turkey meat,f,2,turkey,,,
parmesan cheese,f,2,,,,
fish oil,m,2,,,,
cheddar cheese,f,2,,,,
coffee creamer,b,2,coffee,,,
creamer coffee,f,2,coffee,,,
gin tonic,b,2,,,,
chicken burrito,f,2,,,,
mahi mahi,f,2,,,,
half half,b,2,,,,
fruit smoothie,f,2,,,,
cliff bar,f,2,,,,
veggie salad,f,2,,,,
refried bean,f,2,,,,
organic coffee,b,2,coffee,,,
organic celery,b,2,,,,
sparkling water,b,2,,,,
fruit chia,f,2,,,,
turkey burger,f,2,burger,turkey,,
macaroni salad,f,2,,,,
caesar salad,f,2,,,,
cold brew,b,2,,,,
corn chip,f,2,,,,
ice tea,b,2,,,,
pulled pork,f,2,,,,
california burrito,f,2,burrito?,,,
french toast,f,2,,,,
organic fruit,b,2,,,,
organic granola,f,2,,,,
poke bowl,f,2,,,,
tomato soup,f,2,,,,
chicken enchilada,f,2,,,,
sweet potato,f,2,,,,
granola honey,f,2,,,,
bean soup,f,2,,,,
mocha coffee,b,2,coffee,,,
greek salad,f,2,,,,
pinto bean,f,2,,,,
wheat bread,f,2,,,,
white wine,b,2,,,,
ground beef,f,2,beef,,,
breakfast biscuit,f,2,,,,
chicken bowl,f,2,,,,
tortilla chip,f,2,,,,
tuna sandwich,f,2,,,,
fruit salad,f,2,,,,
salad wrap,f,2,,,,
almond unsalted,f,2,,,,
dark chocolate,f,2,,,,
ground turkey,f,2,turkey,,,
coke zero,b,2,,,,
grilled veggie,f,2,veggie,,,
pesto pasta,f,2,,,,
prime rib,f,2,,,,
spring roll,f,2,,,,
chicken quinoa,f,2,,,,
vegetable soup,f,2,,,,
fruit bowl,f,2,,,,
chia squeeze,b,2,,,,
thorne protein,b,2,,,,
frozen yogurt,f,2,,,,
club sandwich,f,2,,,,
energy drink,b,2,,,,
italian sub,f,2,,,,
coconut milk,b,2,,,,
pre workout,b,2,,,,
veggie burrito,f,2,,,,
steak salad,f,2,,,,
blueberry muffin,f,2,muffin? ,,,
iced latte,b,2,coffee,,,
oatmeal honey,f,2,,,,
brown rice,f,2,,,,
dr pepper,b,2,,,,
ice cream,f,2,,,,
clif bar,f,2,,,,
celery juice,b,2,,,,
turkey taco,f,2,taco,turkey,,
flax seed,f,2,,,,
green tea,b,2,,,,
pork chop,f,2,,,,
chip cooky,f,2,,,,
veggie soup,f,2,,,,
avocado sandwich,f,2,,,,
orange juice,b,2,,,,
protein smoothie,b,2,,,,
acai bowl,f,2,,,,
red onion,f,2,,,,
black coffee,b,2,,,,
greek yogurt,f,2,,,,
blue cheese,f,2,,,,
ham sandwich,f,2,,,,
spaghetti squash,f,2,,,,
lara bar,f,2,,,,
buttered toast,f,2,,,,
double double,f,2,,,,
dried cranberry,f,2,cranberry,,,
veggie smoothie,f,2,,,,
cesar salad,f,2,salad,,,
bagel cream,f,2,,,,
cheese steak,f,2,beef,cheese,,
grilled chicken,f,2,,,,
mixed nut,f,2,nut,,,
gluten cracker,f,2,,,,
smoked salmon,f,2,,,,
wheat toast,f,2,,,,
potato salad,f,2,,,,
swiss sandwich,f,2,sandwich?,,,
chicken wing,f,2,,,,
asada taco,f,2,taco,asada,beef,
teriyaki chicken,f,2,,,,
balsamic vinegar,f,2,,,,
vitamin d,m,2,,,,
chocolate bar,f,2,,,,
chicken wrap,f,2,,,,
cherry tomato,f,2,,,,
salad fruit,f,2,,,,
yogurt granola,f,2,,,,
organic apple,f,2,,,,
arugula salad,f,2,,,,
daily vitamin,m,2,,,,
olive oil,f,2,,,,
carnitas taco,f,2,taco,,,
asian salad,f,2,,,,
shredded chicken,f,2,,,,
egg salad,f,2,,,,
rotisserie chicken,f,2,,,,
roasted almond,f,2,,,,
sweet potatoe,f,2,,,,
turkey bacon,f,2,turkey,bacon,,
bitchin sauce,f,2,,,,
coffee black,b,2,black coffee,,,
pork loin,f,2,,,,
carne asada,f,2,,,,
power bowl,f,2,,,,
spanish rice,f,2,,,,
chicken pasta,f,2,,,,
egg sandwich,f,2,,,,
irish tea,b,2,,,,
fruit yogurt,f,2,,,,
protein powder,b,2,,,,
breakfast sandwich,f,2,,,,
calcium magnesium,m,2,,,,
diet pepsi,b,2,,,,
oatmeal coconut,f,2,,,,
cheese burrito,f,2,burrito?,,,
mixed fruit,f,2,,,,
pork rib,f,2,,,,
pollo asada,f,2,,,,
egg yolk,f,2,,,,
iced tea,b,2,tea,,,
street taco,f,2,taco,,,
chicken fajita,f,2,,,,
cobb salad,f,2,,,,
pastrami sandwich,f,2,,,,
hot tea,b,2,,,,
ginko biloba,m,2,,,,
string cheese,f,2,,,,
squash soup,f,2,,,,
butternut squash,f,2,,,,
sushi roll,f,2,,,,
steak egg,f,2,,,,
chia seed,f,2,,,,
butter toast,f,2,,,,
sport glucosamine,m,2,,,,
biscuit gravy,f,2,,,,
black bean,f,2,,,,
tater tot,f,2,,,,
chicken soup,f,2,,,,
grilled cheese,f,2,,,,
kind bar,f,2,,,,
dried mango,f,2,,,,
fried egg,f,2,egg,,,
baked potato,f,2,,,,
hash brown,f,2,,,,
sunflower seed,f,2,,,,
veggie scramble,f,2,,,,
red bell,f,2,,,,
kettle chip,f,2,,,,
cabbage salad,f,2,,,,
spinach salad,f,2,,,,
peanut butter,f,2,,,,
cheese pizza,f,2,,,,
chicken breast,f,2,,,,
spinach shake,b,2,,,,
sugar syrup,b,2,,,,
meat sauce,f,2,,,,
brussels sprout,f,2,,,,
rx bar,f,2,,,,
bean burrito,f,2,,,,
chipotle chicken,f,2,,,,
protein shake,b,2,,,,
boiled egg,f,2,egg,,,
sour cream,f,2,,,,
veggie pizza,f,2,,,,
ahi poke,f,2,,,,
chip salsa,f,2,,,,
white rice,f,2,,,,
beef jerky,f,2,beef,,,
mac cheese,f,2,,,,
pepperoni pizza,f,2,,,,
tuna salad,f,2,,,,
coffee cream,b,2,coffee,,,
clam chowder,f,2,,,,
quinoa salad,f,2,salad?,,,
roasted chicken,f,2,,,,
ipa beer,b,2,,,,
almond butter,f,2,,,,
protein drink,b,2,,,,
mixed vegetable,f,2,,,,
iced coffee,b,2,coffee,,,
organic banana,f,2,,,,
maple syrup,b,2,,,,
breakfast scramble,f,2,,,,
coors light,b,2,,,,
toast butter,f,2,,,,
balsamic vinaigrette,f,2,,,,
cole slaw,f,2,,,,
granola bar,f,2,,,,
decaf coffee,b,2,coffee?,,,
green bean,f,2,,,,
almond milk,b,2,,,,
blue berry,f,2,,,,
nut butter,f,2,,,,
chicken pesto,f,2,,,,
red bull,b,2,,,,
jelly sandwich,f,2,,,,
rolled taco,f,2,taco,,,
blt sandwich,f,2,,,,
salmon salad,f,2,,,,
submarine atc,f,2,,,,
shrimp taco,f,2,taco,shrimp,,
scrambled egg,f,2,,,,
macadamia nut,f,2,,,,
shrimp burrito,f,2,burrito?,,,
chocolate cake,f,2,,,,
chocolate almond,f,2,,,,
aussie bite,f,2,,,,
chicken thigh,f,2,,,,
bell pepper,f,2,pepper?,,,
chicken curry,f,2,,,,
sourdough toast,f,2,,,,
avocado toast,f,2,,,,
almond creamer,b,2,,,,
turkey wrap,f,2,turkey,,,
chicken sandwich,f,2,,,,
mixed veggie,f,2,veggie,,,
granola bowl,f,2,,,,
cinnamon roll,f,2,,,,
noodle soup,f,2,,,,
cheese cracker,f,2,,,,
rice bowl,f,2,,,,
turkey sandwich,f,2,sandwich,turkey,,
diet coke,b,2,,,,
turkey chili,f,2,turkey,,,
sourdough bread,f,2,,,,
orange chicken,f,2,,,,
mashed potato,f,2,potato,,,
coconut oil,f,2,,,,
fried chicken,f,2,,,,
pot pie,f,2,,,,
baked bean,f,2,,,,
chocolate milk,b,2,,,,
tortilla soup,f,2,,,,
beer ipa,b,2,,,,
mixed green,f,2,,,,
protein bar,f,2,,,,
garden salad,f,2,salad,,,
english muffin,f,2,,,,
gnc multivitamin,m,2,,,,
small almond,b,2,almond,,,
egg scramble,f,2,,,,
chicken fajitas,f,2,,,,
multivitamin probiotic,m,2,,,,
chicken broccoli,f,2,,,,
red rice,m,2,,,,
fried rice,f,2,,,,
cream cheese,f,2,,,,
salad mixed,f,2,,,,
beef sandwich,f,2,sandwich,beef,,
ahi tuna,f,2,,,,
beef taco,f,2,taco,beef,,
bread butter,f,2,,,,
potato chip,f,2,,,,
brew coffee,b,2,coffee,,,
apple pie,f,2,,,,
roast beef,f,2,beef,,,
coffee milk,b,2,coffee,,,
pork sandwich,f,2,,,,
pita chip,f,2,,,,
chicken salad,f,2,,,,
veggie wrap,f,2,veggie,,,
garbanzo bean,f,2,,,,
chicken taco,f,2,taco,chicken,,
fish taco,f,2,taco,fish,,
al pastor,f,2,,,,
fig bar,f,2,,,,
turkey salad,f,2,salad,turkey,,
pb bar,f,2,peanut butter,,,
french fry,f,2,,,,
green salad,f,2,,,,
cheese burger,f,2,,,,
bang energy,b,2,,,,
bbq chicken,f,2,,,,
raw almond,f,2,,,,
avocado salad,f,2,,,,
feta cheese,f,2,,,,
egg roll,f,2,egg,,,
vodka soda,b,2,,,,
corned beef,f,2,beef,,,
pasta salad,f,2,,,,
banana bread,f,2,,,,
surf turf,f,2,,,,
chicken fried,f,2,,,,
tri tip,f,2,,,,
taco salad,f,2,taco,salad,,
roasted veggie,f,2,,,,
ranch dressing,f,2,,,,
fish burrito,f,2,,,,
veggie sandwich,f,2,,,,
brussel sprout,f,2,,,,
egg burrito,f,2,,,,
onion ring,f,2,,,,
goat cheese,f,2,,,,
coffee alm milk,b,3,coffee,,,
kombucha chia seed,b,3,,,,
monster energy drink,f,3,,,,
bbq chicken salad,f,3,,,,
adderall xr milligram,m,3,,,,
sweet potato fry,f,3,,,,
organic granola fruit,f,3,,,,
coffee tsp creamer,b,3,coffee,,,
chicken cesar salad,f,3,,,,
chocolate chip cooky,f,3,,,,
pollo asada burrito,f,3,,,,
honey bunch oat,f,3,,,,
vegan oatmeal cookie,f,3,,,,
butter maple syrup,f,3,,,,
bean cheese burrito,f,3,,,,
tortilla chip salsa,f,3,,,,
greek chicken salad,f,3,,,,
organic celery juice,b,3,,,,
mixed green avocado,f,3,,,,
pasta meat sauce,f,3,,,,
vit sport glucosamine,m,3,,,,
coconut milk mocha,b,3,coffee,,,
egg hard boiled,f,3,,,,
salad ranch dressing,f,3,,,,
grilled chicken salad,f,3,,,,
peanut butter pretzel,f,3,,,,
bang energy drink,b,3,,,,
organic coffee honey,b,3,coffee,,,
nature valley bar,f,3,,,,
black bean rice,f,3,,,,
whole wheat bread,f,3,,,,
turkey sandwich chip,f,3,sandwich,turkey,,
vanilla ice cream,f,3,,,,
shredded chicken salad,f,3,,,,
carne asada fry,f,3,,,,
chocolate chip cookie,f,3,,,,
bagel cream cheese,f,3,,,,
vanilla greek yogurt,f,3,,,,
roasted almond unsalted,f,3,,,,
ham cheese sandwich,f,3,,,,
mixed nut butter,f,3,,,,
bacon breakfast burrito,f,3,,,,
smoothie strawberry banana,f,3,,,,
philly cheese steak,f,3,,,,
olive half cup,f,3,,,,
almond creamer coffee,b,3,coffee,,,
multi vit sport,m,3,,,,
peanut butter sandwich,f,3,,,,
coffee half half,b,3,coffee,,,
yogurt granola honey,f,3,,,,
coffee almond milk,b,3,coffee,,,
red bell pepper,f,3,,,,
omega fish oil,m,3,,,,
brown rice quinoa,f,3,,,,
beef swiss sandwich,f,3,sandwich,beef,,
butternut squash soup,f,3,,,,
coffee creamer sugar,b,3,coffee,,,
chicken pesto pasta,f,3,,,,
mint moose track,f,3,,,,
kill cliff pomegranate,b,3,,,,
red rice yeast,m,3,,,,
peanut butter cookie,f,3,,,,
veggie breakfast scramble,f,3,,,,
spinach smoothie strawberry,f,3,,,,
pulled pork sandwich,f,3,,,,
salad grilled chicken,f,3,,,,
surf turf burrito,f,3,,,,
chicken salad avocado,f,3,,,,
chicken brown rice,f,3,,,,
pita chip hummus,f,3,,,,
egg bacon sandwich,f,3,,,,
builder protein bar,f,3,,,,
spinach salad chicken,f,3,,,,
roast beef sandwich,f,3,sandwich,beef,,
coffee flavored creamer,b,3,coffee,,,
turkey cheese sandwich,f,3,sandwich,turkey,cheese,
almond milk cappuccino,b,3,coffee,,,
hard boiled egg,f,3,,,,
chicken salad sandwich,f,3,,,,
unsweetened almond milk,f,3,,,,
fruit protein smoothie,b,3,,,,
veggie egg scramble,f,3,,,,
coffee sugar cream,f,3,coffee,,,
coffee collagen protein,b,3,coffee,,,
coffee almond creamer,b,3,coffee,,,
apple cider vinegar,b,3,,,,
plain greek yogurt,f,3,,,,
quinoa brown rice,f,3,,,,
grilled cheese sandwich,f,3,,,,
wheat english muffin,f,3,,,,
brain octain oil,b,3,,,,
pepper jack cheese,f,3,,,,
coffee cream sugar,b,3,coffee,,,
latte sugar syrup,b,3,coffee,,,
stuffed bell pepper,f,3,,,,
turkey taco salad,f,3,taco,salad,turkey,chicken
carne asada taco,f,3,taco,asada,beef,
roasted brussel sprout,f,3,,,,
black bean burger,f,3,,,,
chicken tortilla soup,f,3,,,,
chicken street taco,f,3,taco,chicken,,
chicken fried rice,f,3,,,,
whole wheat toast,f,3,,,,
black seed oil,m,3,,,,
chicken caesar salad,f,3,,,,
spring mix green,f,3,,,,
coffee mct oil,b,3,coffee,,,
coffee milk sugar,b,3,coffee,,,
salad mixed green,f,3,,,,
turkey rice veggie,f,3,turkey,rice,veggie,
toasted sesame dressing,f,3,,,,
slim fast shake,f,3,,,,
strawberry greek yogurt,f,3,,,,
carne asada burrito,f,3,,,,
egg cheese sandwich,f,3,,,,
butter breakfast biscuit,f,3,,,,
chicken pasta pesto,f,3,,,,
olive oil vinegar,f,3,,,,
ice cream sandwich,f,3,,,,
sun dried tomato,f,3,,,,
toast peanut butter,f,3,,,,
bbq chicken pizza,f,3,,,,
shrimp fajita burrito,f,3,,,,
greek salad chicken,f,3,,,,
chewy granola bar,f,3,,,,
spaghetti meat sauce,f,3,,,,
kirkland chocolate bar,f,3,,,,
coffee soy creamer,b,3,coffee,,,
tuna salad sandwich,f,3,,,,
chinese chicken salad,f,3,,,,
whole grain toast,f,3,,,,
chicken noodle soup,f,3,,,,
chicken veggie rice,f,3,,,,
chicken pot pie,f,3,,,,
fruit veggie smoothie,f,3,,,,
tri tip salad,f,3,,,,
egg salad sandwich,f,3,,,,
coffee raw sugar,b,3,coffee,,,
mixed green salad,f,3,,,,
egg cheese burrito,f,3,,,,
alm milk cream,b,3,,,,
split pea soup,f,3,,,,
peanut butter bar,f,3,,,,
cold brew coffee,b,3,coffee,,,
protein powder scoop,b,3,,,,
ground turkey rice,f,3,turkey,rice,,
tb maple syrup,b,3,,,,
honey nut cheerio,f,3,,,,
veggie breakfast burrito,f,3,,,,
steel cut oat,f,3,,,,
cauliflower crust pizza,f,3,,,,
mixed green lettuce,f,3,,,,
large coffee milk,b,3,coffee,,,
chicken stir fry,f,3,,,,
thorne protein powder,b,3,,,,
coffee maple syrup,b,3,coffee,,,
strawberry banana smoothie,b,3,,,,
g oatmeal almond,f,3,,,,
iced coffee cream,b,3,coffee,,,
turkey avocado sandwich,f,3,,,,
chicken rice salad,f,3,,,,
whole milk latte,b,3,coffee,,,
olives,f,3,,,,
turkey breast sandwich,f,3,sandwich,turkey,,
heavy whipping cream,b,3,,,,
peanut butter toast,f,3,,,,
onion bell pepper,f,3,,,,
gnc multi vit,m,3,,,,
tri tip sandwich,f,3,,,,
chicken taco salad,f,3,taco,salad,chicken,
nitro cold brew,b,3,,,,
gf organic granola,f,3,,,,
bacon cheese bagel,f,3,,,,
chicken burrito avo,f,3,,,,
fruit yogurt granola,f,3,,,,
egg sausage burrito,f,3,,,,
dark chocolate almond,f,3,,,,
superfood creamer tb,b,3,,,,
whole grain bread,f,3,,,,
cereal almond milk,f,3,,,,
iced coffee superfood,b,3,coffee,,,
greek yogurt granola,f,3,,,,
vegetable tikka masala,f,3,,,,
small almond milk,b,3,,,,
coffee vanilla creamer,f,3,coffee,,,
fruit spinach shake,b,3,,,,
egg bagel sandwich,f,3,,,,
coffee mct creamer,b,3,coffee,,,
yogurt granola bowl,f,3,,,,
ice cream bar,f,3,,,,
coffee superfood creamer,b,3,coffee,,,
grilled chicken sandwich,f,3,,,,
fruit yogurt smoothie,f,3,,,,
corned beef cabbage,f,3,beef,cabbage,,
coffee maple syrup cream,b,4,coffee,,,
monster energy absolute zero,b,4,,,,
roast beef swiss sandwich,f,4,sandwich,beef,,
coffee half half sugar,b,4,coffee,,,
fruit yogurt granola bowl,f,4,,,,
halo top ice cream,f,4,,,,
almond milk protein smoothie,b,4,,,,
steel cut quinoa oatmeal,f,4,,,,
small almond milk cap,b,4,,,,
peanut butter jelly sandi,f,4,,,,
thorne protein powder scoop,b,4,,,,
whole wheat english muffin,f,4,,,,
salad olive oil vinegar,f,4,,,,
small almond milk cappuccino,b,4,coffee,,,
slice whole grain bread,f,4,,,,
ginger cayenne spinach smoothie,f,4,,,,
gnc multi vit sport,m,4,,,,
coffee alm milk cream,b,4,coffee,,,
moose track ice cream,f,4,,,,
oatmeal apple spice cinnamon,f,4,,,,
dark chocolate pb bar,f,4,,,,
protein powder almond milk,f,4,,,,
organic fruit spinach shake,b,4,,,,
red rice yeast pill,m,4,,,,
protein powder scoop coconut,b,4,,,,
protein shake banana spinach,f,4,,,,
iced coffee superfood creamer,b,4,coffee,,,
almond butter breakfast biscuit,f,4,,,,
white claw hard seltzer,b,4,,,,
coconut peanut butter bar,f,4,,,,
kale fruit protein smoothie,f,4,,,,
coffee honey almond milk,b,4,coffee,,,
bullet prof decaf coffee,b,4,coffee,,,
powder scoop coconut water,b,4,,,,
iced coffee maple syrup,b,4,coffee,,,
peanut butter jelly sandwich,f,4,,,,
one cup black coffee,b,4,coffee,,,
protein shake almond milk,f,4,,,,
soft chewy granola bar,f,4,,,,
coconut milk mocha coffee,b,4,coffee,,,
zero cal monster energy,f,4,,,,
coffee tblsp grass fed butter,b,5,coffee,,,
coconut water thorne protein powder,b,5,,,,
iced coffee laird creamer tablespoon,b,5,coffee,,,
kirkland soft chewy granola bar,f,5,,,,
cold brew coffee almond milk,b,5,coffee,,,
black coffee tbsp brain oct,b,5,coffee,,,
honey nut cheerio lactaid mlk,f,5,,,,
coffee half half raw sugar,b,5,coffee,,,
dried cranberry dried blueberry oatmeal,f,5,,,,
small cup coffee almond crea,b,5,coffee,,,
organic coffee honey almond milk,b,5,coffee,,,
coffee laird creamer tablespoon maple,b,5,coffee,,,
oatmeal peanut butter chia seed,f,5,,,,
thorne protein powder scoop coconut,b,5,,,,
grain bread slice bread honey,f,5,,,,
slice whole grain bread slice,f,5,,,,
protein shake almond milk banana,f,5,,,,
mint moose track ice cream,f,5,,,,
black coffee heavy whipping cream,b,5,coffee,,,
whole g oatmeal almond raisin,f,5,,,,
laird creamer tablespoon maple syrup,b,5,,,,
protein powder scoop coconut water,b,5,,,,
cup coffee alm milk cream,b,5,coffee,,,
coffee raw sugar half half,b,5,coffee,,,
iced coffee cream maple syrup,b,5,coffee,,,
espresso,b,1,coffee,,,
porridge,f,1,,,,
cocoa,b,1,,,,
sauerkraut,f,1,,,,
rye,f,1,,,,
pudding,f,1,,,,
mandarin,f,1,,,,
caramel,f,1,,,,
hazelnut,f,1,,,,
clementine,f,1,,,,
chard,f,1,,,,
bran,f,1,,,,
butterfat,b,1,,,,
caffeine,b,1,coffee,,,
dumpling,f,1,,,,
carb,f,1,,,,
wholemeal,f,1,,,,
americano,b,1,coffee,,,
cola,b,1,,,,
chipotle,f,1,,,,
starbuck,b,1,coffee,,,
prebiotic,m,1,,,,
duck,f,1,,,,
coca,b,1,,,,
oyster,f,1,,,,
yoghurt,b,1,,,,
herbal tea,b,2,,,,
tea milk,b,2,,,,
glass water,w,2,,,,
vitamin c,m,2,,,,
bulletproof coffee,b,2,,,,
soy milk,b,2,,,,
ml water,b,2,,,,
pumpkin seed,f,2,,,,
multi vitamin,m,2,,,,
vitamin b,m,2,,,,
melatonin,m,1,,,,
water ml,w,2,,,,
cup tea,b,2,,,,
red pepper,f,2,,,,
water lemon,f,2,,,,
earl grey tea,b,3,,,,
coffee heavy cream,b,3,,,,
coffee coconut oil,b,3,,,,
mixed salad,f,2,,,,
rice bean,f,2,,,,
coffee stevia,b,2,,,,
coffee heavy,b,2,,,,
cheese bread,f,2,,,,
skimmed milk,b,2,,,,
skim milk,b,2,,,,
apple juice,b,2,,,,
vit c,m,2,,,,
whole milk,b,2,,,,
bread cheese,f,2,,,,
hot chocolate,b,2,,,,
birth control,m,2,,,,
peppermint tea,b,2,,,,
rice cake,f,2,,,,
brazil nut,f,2,,,,
milk coffee,b,2,,,,
lemon juice,b,2,,,,
egg white,f,2,,,,
diet soda,b,2,,,,
tomato sauce,f,2,,,,
chai tea,b,2,,,,
mineral water,w,2,,,,
broccoli sprout,f,2,,,,
vitamin k,m,2,,,,
oil vitamin,m,2,,,,
mint tea,b,2,,,,
soya milk,b,2,,,,
krill oil,m,2,,,,
bone broth,f,2,,,,
decaf tea,b,2,,,,
veggie burger,f,2,,,,
ginger tea,b,2,,,,
vitamin iu,m,2,,,,
cheese stick,f,2,,,,
rye bread,f,2,,,,
whey protein,f,2,,,,
greek yoghurt,b,2,,,,
hot water,w,2,,,,
white tea,b,2,,,,
cod liver oil,m,3,,,,
hemp seed,f,2,,,,
rooibos tea,b,2,,,,
b vitamin,m,2,,,,
white bread,f,2,,,,
red cabbage,f,2,,,,
green smoothie,b,2,,,,
lemon water,b,2,,,,
poached egg,f,2,,,,
curry rice,f,2,,,,
egg toast,f,2,,,,
corn tortilla,f,2,,,,
oat milk,b,2,,,,
rice cracker,f,2,,,,
prune,f,1,,,,
prawn,f,1,,,,
nugget,f,1,,,,
electrolyte,b,1,,,,
cupcake,f,1,,,,
falafel,f,1,,,,
losartan,m,1,,,,
bcaa,m,1,,,,
amlodipine,m,1,,,,
miso,f,1,,,,
parsley,f,1,,,,
biotin,m,1,,,,
tahini,f,1,,,,
fennel,f,1,,,,
psyllium,m,1,,,,
chamomile,b,1,,,,
leek,f,1,,,,
brie,f,1,,,,
tart,f,1,,,,
amino,m,1,,,,
courgette,f,1,,,,
oreo,f,1,,,,
spirulina,f,1,,,,
herbal,f,1,,,,
papaya,f,1,,,,
rooibos,f,1,,,,
aspirin,m,1,,,,
metformin,m,1,,,,
hemp,f,1,,,,
kiwi,f,1,,,,
matcha,b,1,,,,
beetroot,f,1,,,,
avacado,f,1,,,,
cacao,f,1,,,,
flaxseed,f,1,,,,
levothyroxine,m,1,,,,
bannana,f,1,,,,
coffe,b,1,,,,
chickpea,f,1,,,,
fiber,m,1,,,,
ghee,f,1,,,,
scone,f,1,,,,
kimchi,f,1,,,,
pastry,f,1,,,,
tumeric,f,1,,,,
pomegranate,f,1,,,,
synthroid,m,1,,,,
cocktail,b,1,,,,
spice,m,1,,,,
buckwheat,f,1,,,,
citrate,m,1,,,,
zyrtec,m,1,,,,
creatine,m,1,,,,
apricot,f,1,,,,
ibuprofen,m,1,,,,
sardine,f,1,,,,
curcumin,m,1,,,,
apple cider,b,2,,,,
acetyl,n,1,,,,
acv,b,1,,,,
added,modifier,1,,,,
adderall,m,1,,,,
adrenal,m,1,,,,
advil,m,1,,,,
agave,f,1,,,,
aid,n,1,,,,
alcohol,b,1,,,,
alcoholic,modifier,1,,,,
aleve,m,1,,,,
allergy,modifier,1,,,,
almond cashew,f,2,,,,
almond coconut,n,2,,,,
almond flour,f,2,,,,
almond milk coffee,b,3,,,,
almond walnut,n,2,,,,
aloe,f,1,,,,
alpha,n,1,,,,
alpha lipoic,n,2,,,,
alpha lipoic acid,m,3,,,,
american,n,1,,,,
amino acid,m,2,,,,
antibiotic,m,1,,,,
antihistamine,m,1,,,,
apple almond,n,2,,,,
apple cider vinegar water,n,4,,,,
apple sauce,f,2,,,,
applesauce,f,1,,,,
armour,n,1,,,,
armour thyroid,m,2,,,,
ashwaganda,m,1,,,,
ashwagandha,m,1,,,,
atenolol,m,1,,,,
atkins,n,1,,,,
atorvastatin,m,1,,,,
au,n,1,,,,
aubergine,f,1,,,,
avocado egg,n,2,,,,
avocado oil,f,2,,,,
b complex vitamin,m,3,,,,
b mcg,m,2,,,,
baby aspirin,m,2,,,,
baby carrot,f,2,,,,
baby spinach,f,2,,,,
bacon egg cheese,f,3,,,,
baguette,f,1,,,,
balance,n,1,,,,
banana blueberry,n,2,,,,
banana smoothie,b,2,,,,
barbecue,n,1,,,,
based,n,1,,,,
basmati,n,1,,,,
basmati rice,f,2,,,,
bbq sauce,f,2,,,,
bcaas,n,1,,,,
bean corn,f,2,,,,
bean potato,n,2,,,,
bean rice,f,2,,,,
bean salad,f,2,,,,
bean tomato,n,2,,,,
bear,n,1,,,,
bee,n,1,,,,
beef burger,f,2,,,,
beef cheese,n,2,,,,
beef rice,n,2,,,,
beef stew,f,2,,,,
belly,n,1,,,,
belvita,f,1,,,,
benadryl,m,1,,,,
berberine,m,1,,,,
berry smoothie,b,2,,,,
bio,n,1,,,,
biscotti,f,1,,,,
bit,n,1,,,,
black coffee no,n,3,,,,
black coffee no sugar,b,4,,,,
black no,n,2,,,,
black no sugar,n,3,,,,
black olive,f,2,,,,
black pepper,f,2,,,,
black tea milk,b,3,,,,
blood pressure,n,2,,,,
blueberry almond,n,2,,,,
blueberry banana,n,2,,,,
blueberry raspberry,n,2,,,,
blueberry yogurt,b,2,,,,
bok,n,1,,,,
bok choy,f,2,,,,
bolognese,f,1,,,,
bomb,n,1,,,,
bone,modifier,1,,,,
bottle water,n,2,,,,
bourbon,f,1,,,,
box,n,1,,,,
bp,n,1,,,,
brain octane,m,2,,,,
bread avocado,n,2,,,,
bread chicken,n,2,,,,
bread egg,n,2,,,,
bread ham,n,2,,,,
bread olive,n,2,,,,
bread peanut,n,2,,,,
bread roll,n,2,,,,
bread salad,n,2,,,,
bread slice,n,2,,,,
bread tomato,n,2,,,,
breaded,modifier,1,,,,
breadstick,f,1,,,,
breakfast tea,b,2,,,,
brewed,modifier,1,,,,
broccoli carrot,n,2,,,,
broccoli cauliflower,f,2,,,,
broccoli cheese,n,2,,,,
broccoli chicken,n,2,,,,
broccoli salad,n,2,,,,
brocoli,f,1,,,,
brocolli,f,1,,,,
brown bread,f,2,,,,
brown sugar,f,2,,,,
buffalo chicken,f,2,,,,
buffet,n,1,,,,
bullet proof,b,2,,,,
bullet proof coffee,b,3,,,,
bulletproof,b,1,,,,
bupropion,m,1,,,,
burger fry,n,2,,,,
burrito bowl,f,2,,,,
butter apple,n,2,,,,
butter bread,n,2,,,,
butter cheese,n,2,,,,
butter chicken,n,2,,,,
butter coconut,n,2,,,,
butter coffee,n,2,,,,
butter cracker,f,2,,,,
butter cup,n,2,,,,
butter egg,n,2,,,,
butter jam,n,2,,,,
c vitamin,m,2,,,,
cabernet,b,1,,,,
cacao nib,f,2,,,,
cacao powder,f,2,,,,
cafe latte,b,2,,,,
caffeine free,modifier,2,,,,
calm,n,1,,,,
camomile,b,1,,,,
camomile tea,b,2,,,,
candy bar,n,2,,,,
canned,modifier,1,,,,
capsicum,f,1,,,,
carbonated,modifier,1,,,,
carbonated water,w,2,,,,
carmel,n,1,,,,
carrot broccoli,n,2,,,,
carrot cake,n,2,,,,
carrot celery,n,2,,,,
carrot cucumber,n,2,,,,
carrot juice,b,2,,,,
carrot onion,n,2,,,,
carrot potato,n,2,,,,
cashew butter,f,2,,,,
cashew milk,b,2,,,,
cashew nut,f,2,,,,
Cayenne pepper,f,2,,,,
cayenne,f,1,,,,
cbd,m,1,,,,
cbd oil,m,2,,,,
celery carrot,n,2,,,,
centrum,m,1,,,,
cereal bar,f,2,,,,
cereal milk,b,2,,,,
cetirizine,m,1,,,,
ch,n,1,,,,
chaga,f,1,,,,
chai latte,b,2,,,,
chamomile tea,b,2,,,,
champagne,b,1,,,,
chapati,f,1,,,,
chardonnay,f,1,,,,
chees,f,1,,,,
cheese apple,n,2,,,,
cheese bacon,n,2,,,,
cheese biscuit,n,2,,,,
cheese butter,n,2,,,,
cheese cake,n,2,,,,
cheese dressing,n,2,,,,
cheese ham,n,2,,,,
cheese olive,n,2,,,,
cheese omelette,n,2,,,,
cheese onion,n,2,,,,
cheese salad,f,2,,,,
cheese slice,n,2,,,,
cheese spinach,n,2,,,,
cheese toast,n,2,,,,
cheesy,modifier,1,,,,
chex,f,1,,,,
chia pudding,f,2,,,,
chick pea,f,2,,,,
chicken broth,b,2,,,,
chicken burger,f,2,,,,
chicken carrot,n,2,,,,
chicken egg,n,2,,,,
chicken leg,f,2,,,,
chicken nugget,f,2,,,,
chicken potato,n,2,,,,
chicken strip,f,2,,,,
chicken tender,f,2,,,,
chicken veg,n,2,,,,
chicken vegetable,n,2,,,,
chicory,f,1,,,,
chip guacamole,f,2,,,,
chlorella,f,1,,,,
choc chip,f,2,,,,
choco,n,1,,,,
chocolat,f,1,,,,
chocolate biscuit,f,2,,,,
chocolate candy,f,2,,,,
chocolate cookie,f,2,,,,
chocolate covered,modifier,2,,,,
chocolate ice,n,2,,,,
chocolate ice cream,f,3,,,,
chocolate peanut,n,2,,,,
chocolate square,n,2,,,,
chondroitin,m,1,,,,
chopped,modifier,1,,,,
chow,n,1,,,,
choy,n,1,,,,
christmas,n,1,,,,
chromium,n,1,,,,
chutney,f,1,,,,
cider vinegar water,n,3,,,,
citalopram,m,1,,,,
cl,n,1,,,,
club soda,n,2,,,,
co,n,1,,,,
coca cola,b,2,,,,
coco,n,1,,,,
cocoa powder,f,2,,,,
coconut butter,n,2,,,,
coconut cream,f,2,,,,
coconut flake,n,2,,,,
coconut yoghurt,b,2,,,,
coconut yogurt,b,2,,,,
cofee,b,1,,,,
coffe milk,b,2,,,,
coffee black no,n,3,,,,
coffee butter,n,2,,,,
coffee cake,f,2,,,,
coffee coconut milk,b,3,,,,
coffee coffee,b,2,,,,
coffee cup,n,2,,,,
coffee decaf,b,2,,,,
coffee ml,n,2,,,,
coffee no sugar,b,3,,,,
coffee oat,n,2,,,,
coffee oat milk,b,3,,,,
coffee skimmed,n,2,,,,
coffee skimmed milk,b,3,,,,
coffee soy milk,b,3,,,,
coffee soya,n,2,,,,
coffee sugar free,b,3,,,,
coffee tb,n,2,,,,
coffee unsweetened,b,2,,,,
coffee water,n,2,,,,
coffee whole,n,2,,,,
coffee whole milk,b,3,,,,
cola zero,b,2,,,,
colby,n,1,,,,
collagen powder,m,2,,,,
collagen protein,m,2,,,,
collard,f,1,,,,
collard green,f,2,,,,
complete,modifier,1,,,,
complex vitamin,m,2,,,,
con,n,1,,,,
cone,n,1,,,,
cordial,n,1,,,,
coriander,f,1,,,,
corn cob,f,2,,,,
cornflakes,f,1,,,,
cough,n,1,,,,
cous,n,1,,,,
cow,n,1,,,,
cracker cheese,f,2,,,,
cranberry juice,b,2,,,,
cream coffee,b,2,,,,
cream cone,f,2,,,,
cream stevia,f,2,,,,
creamy,modifier,1,,,,
creme,f,1,,,,
crepe,f,1,,,,
crispbread,f,1,,,,
crispy,modifier,1,,,,
crouton,n,1,,,,
crumble,f,1,,,,
crumpet,f,1,,,,
crunchy,modifier,1,,,,
crystal,n,1,,,,
crystal light,b,2,,,,
cube,modifier,1,,,,
cucumber salad,f,2,,,,
cumin,f,1,,,,
cup tea milk,b,3,,,,
curd,f,1,,,,
curry chicken,f,2,,,,
custard,f,1,,,,
dairy,n,1,,,,
dairy free,modifier,2,,,,
dal,f,1,,,,
dandelion,f,1,,,,
danish,n,1,,,,
dark choc,f,2,,,,
dash,n,1,,,,
decaf coffee cream,b,3,,,,
decaf coffee milk,b,3,,,,
decaff,modifier,1,,,,
decaffeinated,modifier,1,,,,
deep,modifier,1,,,,
deli,n,1,,,,
desert,n,1,,,,
detox,n,1,,,,
deviled,n,1,,,,
deviled egg,f,2,,,,
dew,f,1,,,,
dha,m ,1,,,,
dhea,m,1,,,,
diet dr,n,2,,,,
diet dr pepper,b,3,,,,
digestive enzyme,m,2,,,,
dijon,n,1,,,,
dill,f,1,,,,
dill pickle,f,2,,,,
dim,n,1,,,,
dl,n,1,,,,
dosa,f,1,,,,
dose,n,1,,,,
double espresso,b,2,,,,
dried apricot,f,2,,,,
dried fruit,n,2,,,,
earl,n,1,,,,
earl grey,b,2,,,,
egg bread,n,2,,,,
egg broccoli,n,2,,,,
egg butter,n,2,,,,
egg chicken,n,2,,,,
egg coffee,n,2,,,,
egg fried,f,2,,,,
egg ham,n,2,,,,
egg kale,n,2,,,,
egg mushroom,n,2,,,,
egg omelette,f,2,,,,
egg onion,n,2,,,,
egg potato,n,2,,,,
egg rice,n,2,,,,
egg tomato,n,2,,,,
egg turkey,n,2,,,,
egg veggie,n,2,,,,
energy bar,f,2,,,,
english breakfast,n,2,,,,
english breakfast tea,b,3,,,,
epa,n,1,,,,
er,n,1,,,,
escitalopram,m,1,,,,
estradiol,m,1,,,,
evening primrose,f,2,,,,
everything,n,1,,,,
expresso,b,1,,,,
extra virgin,n,2,,,,
extra virgin olive,n,3,,,,
extra virgin olive oil,f,4,,,,
eye,n,1,,,,
ezekiel,n,1,,,,
ezekiel bread,f,2,,,,
fast,n,1,,,,
fat bomb,n,2,,,,
fat free,modifier,2,,,,
fat milk,n,2,,,,
fed beef,n,2,,,,
fed butter,n,2,,,,
fermented,n,1,,,,
fil,n,1,,,,
filet,f,1,,,,
fillet,f,1,,,,
filter,n,1,,,,
filter coffee,b,2,,,,
filtered,modifier,1,,,,
finger,n,1,,,,
fish chip,f,2,,,,
fish oil magnesium,n,3,,,,
fish oil vitamin,m,3,,,,
fizzy,modifier,1,,,,
flapjack,f,1,,,,
flat bread,f,2,,,,
flat white coffee,b,3,,,,
flatbread,f,1,,,,
flavored,modifier,1,,,,
fluoxetine,m,1,,,,
folic,m,1,,,,
folic acid,m,2,,,,
free bread,n,2,,,,
free creamer,n,2,,,,
free milk,n,2,,,,
french bread,b,2,,,,
fried fish,b,2,,,,
fried potato,b,2,,,,
fritos,f,1,,,,
fritter,f,1,,,,
frosted,modifier,1,,,,
fruit juice,b,2,,,,
fruit nut,n,2,,,,
fruit tea,b,2,,,,
fudge,f,1,,,,
full fat,n,2,,,,
ginger ale,b,2,,,,
ginger beer,b,2,,,,
ginger lemon,n,2,,,,
ginkgo,n,1,,,,
ginseng,f,1,,,,
glass white,n,2,,,,
glass white wine,b,3,,,,
glass wine,n,2,,,,
glucosamine chondroitin,n,2,,,,
glutamine,m,1,,,,
gluten free bread,f,3,,,,
glycinate,n,1,,,,
gm,n,1,,,,
gnocchi,f,1,,,,
goat milk,b,2,,,,
goji,n,1,,,,
goji berry,f,2,,,,
gold,n,1,,,,
golden,n,1,,,,
good,n,1,,,,
gouda,n,1,,,,
gouda cheese,f,2,,,,
graham,n,1,,,,
graham cracker,f,2,,,,
grande,modifier,1,,,,
grape juice,b,2,,,,
grapefruit juice,b,2,,,,
grass fed beef,f,3,,,,
grass fed butter,f,3,,,,
green drink,n,2,,,,
green olive,f,2,,,,
green onion,f,2,,,,
green pea,f,2,,,,
green pepper,f,2,,,,
grey,n,1,,,,
grit,n,1,,,,
guac,f,1,,,,
guava,f,1,,,,
gummies,f,1,,,,
gummy,f,1,,,,
hair,n,1,,,,
half banana,n,2,,,,
half coffee,n,2,,,,
half tsp,n,2,,,,
halloumi,f,1,,,,
ham egg,n,2,,,,
hard cider,b,2,,,,
hcl,n,1,,,,
hctz,m,1,,,,
health,n,1,,,,
hemp heart,f,2,,,,
herb tea,b,2,,,,
herring,f,1,,,,
hershey,n,1,,,,
hibiscus,n,1,,,,
hibiscus tea,b,2,,,,
high,n,1,,,,
himalayan,n,1,,,,
ho,n,1,,,,
hot sauce,f,2,,,,
hot water lemon,n,3,,,,
houmous,f,1,,,,
htp,n,1,,,,
hummus carrot,f,2,,,,
humus,n,1,,,,
husk,n,1,,,,
hwc,n,1,,,,
hydrochlorothiazide,m,1,,,,
ice coffee,b,2,,,,
ice cream cone,f,3,,,,
inch,modifier,1,,,,
infusion,n,1,,,,
instant coffee,b,2,,,,
insulin,m,1,,,,
iodine,n,1,,,,
italian sausage,f,2,,,,
iu vitamin,m,2,,,,
jacket,n,1,,,,
japanese,modifier,1,,,,
jasmine,n,1,,,,
jasmine rice,f,2,,,,
jello,f,1,,,,
joes,n,1,,,,
john,n,1,,,,
joint,n,1,,,,
kale spinach,f,2,,,,
kebab,f,1,,,,
kelp,f,1,,,,
kidney,n,1,,,,
kidney bean,f,2,,,,
king,n,1,,,,
kirkland,n,1,,,,
kit,n,1,,,,
korean,modifier,1,,,,
lactose,n,1,,,,
lactose free,modifier,2,,,,
lager,modifier,1,,,,
lamb chop,f,2,,,,
lamotrigine,m,1,,,,
larabar,f,1,,,,
lasagne,f,1,,,,
late,modifier,1,,,,
lay,n,1,,,,
lean,n,1,,,,
leg,n,1,,,,
lemon ginger,n,2,,,,
lemon ginger tea,b,3,,,,
lemon tea,b,2,,,,
levothyroxin,n,1,,,,
levothyroxine mcg,m,2,,,,
licorice,f,1,,,,
life,n,1,,,,
light beer,b,2,,,,
lime juice,b,2,,,,
lindt,n,1,,,,
link,n,1,,,,
linseed,f,1,,,,
lion,n,1,,,,
lion mane,f,2,,,,
liothyronine,m,1,,,,
lipitor,m,1,,,,
lipoic,m,1,,,,
lipoic acid,m,2,,,,
liquid,modifier,1,,,,
lite,n,1,,,,
liter water,w,2,,,,
litre,modifier,1,,,,
little,modifier,1,,,,
loaf,f,1,,,,
long,modifier,1,,,,
low dose,modifier,2,,,,
low fat,modifier,2,,,,
lowfat,modifier,1,,,,
lutein,m,1,,,,
lysine,m,1,,,,
m,n,1,,,,
maca,f,1,,,,
macaroni cheese,f,2,,,,
macchiato,b,1,,,,
mackerel,f,1,,,,
mag,n,1,,,,
magnesium citrate,m,2,,,,
magnesium glycinate,m,2,,,,
magnesium vitamin,m,2,,,,
magnesium zinc,m,2,,,,
mandarin orange,f,2,,,,
mane,n,1,,,,
margarine,f,1,,,,
marmalade,f,1,,,,
marmite,f,1,,,,
marshmallow,f,1,,,,
martini,b,1,,,,
mary,n,1,,,,
mash potato,f,2,,,,
matcha green,b,2,,,,
matcha green tea,b,3,,,,
matcha latte,b,2,,,,
matcha tea,b,2,,,,
max,n,1,,,,
mcdonalds,f,1,,,,
mcmuffin,f,1,,,,
meat cheese,n,2,,,,
medicine,n,1,,,,
men,n,1,,,,
metamucil,m,1,,,,
methyl,,1,,,,
metoprolol,,1,,,,
mi,n,1,,,,
milk blueberry,n,2,,,,
milk cereal,n,2,,,,
milk chocolate,b,2,,,,
milk coconut,n,2,,,,
milk honey,n,2,,,,
milk latte,n,2,,,,
milk ml,n,2,,,,
milk no,n,2,,,,
milk no sugar,b,3,,,,
milk stevia,b,2,,,,
milk tea,b,2,,,,
milk thistle,f,2,,,,
milkshake,b,1,,,,
millet,f,1,,,,
minced,modifier,1,,,,
minestrone,b,1,,,,
miso soup,b,2,,,,
mixed berry,f,2,,,,
mm,modifier,1,,,,
montelukast,m,1,,,,
moringa,f,1,,,,
morning med,n,2,,,,
mountain,n,1,,,,
mountain dew,b,2,,,,
mousse,f,1,,,,
mozzarella cheese,f,2,,,,
msm,m,1,,,,
mug tea,n,2,,,,
multigrain,f,1,,,,
multivitamin vitamin,m,2,,,,
mushroom onion,n,2,,,,
mushroom soup,b,2,,,,
mussel,f,1,,,,
nac,m,1,,,,
nail,n,1,,,,
naproxen,m,1,,,,
natural peanut,n,2,,,,
natural peanut butter,f,3,,,,
nespresso,b,1,,,,
nettle,f,1,,,,
niacin,m,1,,,,
nib,n,1,,,,
no bun,modifier,2,,,,
no sweetener,modifier,2,,,,
noir,n,1,,,,
non,modifier,1,,,,
nonfat,modifier,1,,,,
nut bar,f,2,,,,
nut mix,f,2,,,,
nut seed,f,2,,,,
nutella,f,1,,,,
nutritional yeast,f,2,,,,
oatcake,f,1,,,,
oatmeal almond,n,2,,,,
oatmeal blueberry,n,2,,,,
oatmeal cookie,f,2,,,,
oatmeal raisin,f,2,,,,
oatmilk,b,1,,,,
octane,n,1,,,,
oil balsamic,n,2,,,,
oil butter,n,2,,,,
oil capsule,n,2,,,,
oil coffee,n,2,,,,
oil magnesium,m,2,,,,
okra,f,1,,,,
old,modifier,1,,,,
omega vitamin,m,2,,,,
omeprazole,m,1,,,,
omlette,f,1,,,,
one half,modifier,2,,,,
onion carrot,n,2,,,,
onion garlic,n,2,,,,
onion mushroom,n,2,,,,
onion pepper,n,2,,,,
onion tomato,n,2,,,,
oolong,b,1,,,,
oolong tea,b,2,,,,
oregano,f,1,,,,
oven,n,1,,,,
overnight,modifier,1,,,,
overnight oat,f,2,,,,
pack,n,1,,,,
packet,n,1,,,,
pain,n,1,,,,
pan,n,1,,,,
paneer,f,1,,,,
panera,n,1,,,,
pantoprazole,m,1,,,,
paprika,f,1,,,,
paracetamol,m,1,,,,
parsnip,f,1,,,,
passion,n,1,,,,
pasta sauce,f,2,,,,
pasta tomato,f,2,,,,
paste,f,1,,,,
pate,f,1,,,,
pbj,f,1,,,,
pea protein,f,2,,,,
peanut butter cracker,f,3,,,,
peanut butter cup,f,3,,,,
peanutbutter,f,1,,,,
pellegrino,b,1,,,,
penne,f,1,,,,
pepper onion,n,2,,,,
pepper tomato,n,2,,,,
peppermint,f,1,,,,
pepsi max,b,2,,,,
per,n,1,,,,
percent dark,n,2,,,,
percent dark chocolate,n,3,,,,
percent,modifier,1,,,,
percent milk,n,2,,,,
persimmon,f,1,,,,
pickled,n,1,,,,
piece chocolate,f,2,,,,
pine,n,1,,,,
pine nut,f,2,,,,
pink,n,1,,,,
pinot,b,1,,,,
pint water,b,2,,,,
pitta,n,1,,,,
pizza slice,f,2,,,,
plain yogurt,b,2,,,,
plant,n,1,,,,
plantain chip,f,2,,,,
pm,n,1,,,,
polenta,f,1,,,,
popsicle,f,1,,,,
pork belly,f,2,,,,
pork rind,f,2,,,,
pork sausage,f,2,,,,
pork tenderloin,f,2,,,,
portion,n,1,,,,
potato broccoli,n,2,,,,
potato cheese,n,2,,,,
potato chicken,n,2,,,,
potato egg,n,2,,,,
potato green,n,2,,,,
potato green bean,n,3,,,,
potato onion,n,2,,,,
potato soup,b,2,,,,
prenatal,n,1,,,,
pressure,n,1,,,,
preworkout,b,1,,,,
primrose,n,1,,,,
primrose oil,m,2,,,,
pro,n,1,,,,
progesterone,m,1,,,,
proof,n,1,,,,
proof coffee,n,2,,,,
prosciutto,f,1,,,,
prosecco,b,1,,,,
protein ball,f,2,,,,
protien,n,1,,,,
provolone,f,1,,,,
psyllium husk,m,2,,,,
puff,n,1,,,,
pumpkin pie,f,2,,,,
pumpkin soup,b,2,,,,
pure,modifier,1,,,,
puree,f,1,,,,
purple,modifier,1,,,,
q,n,1,,,,
quark,n,1,,,,
quarter cup,modifier,2,,,,
queso,f,1,,,,
quest,n,1,,,,
quest bar,f,2,,,,
quorn,f,1,,,,
raisin bran,f,2,,,,
ramipril,m,1,,,,
raspberry blueberry,n,2,,,,
red bean,f,2,,,,
red grape,f,2,,,,
red lentil,f,2,,,,
red potato,f,2,,,,
reeses,f,1,,,,
regular,modifier,1,,,,
resveratrol,m,1,,,,
rhubarb,f,1,,,,
ribeye,f,1,,,,
rice black,f,2,,,,
rice egg,n,2,,,,
rice lentil,f,2,,,,
rice milk,b,2,,,,
rice noodle,f,2,,,,
rice pudding,f,2,,,,
rice vegetable,n,2,,,,
rice veggie,n,2,,,,
ricotta,f,1,,,,
rind,f,1,,,,
risotto,f,1,,,,
ritz,n,1,,,,
ritz cracker,f,2,,,,
roast chicken,f,2,,,,
roast potato,f,2,,,,
roasted potato,f,2,,,,
rocket,n,1,,,,
rolled oat,f,2,,,,
romaine lettuce,f,2,,,,
root beer,b,2,,,,
rose wine,b,2,,,,
rosemary,f,1,,,,
rosuvastatin,m,1,,,,
roti,f,1,,,,
rye toast,f,2,,,,
salad bread,n,2,,,,
salad cheese,n,2,,,,
salad egg,n,2,,,,
salad green,n,2,,,,
salad potato,n,2,,,,
salad tomato,n,2,,,,
salat,f,1,,,,
salmon broccoli,n,2,,,,
salt pepper,modifier,2,,,,
saltine,f,1,,,,
samosa,f,1,,,,
sandwhich,f,1,,,,
sandwich cheese,n,2,,,,
satsuma,f,1,,,,
sausage cheese,n,2,,,,
sausage patty,f,2,,,,
sausage roll,f,2,,,,
scallop,f,1,,,,
scotch,b,1,,,,
seed almond,f,2,,,,
seed chia,f,2,,,,
seeded,n,1,,,,
selenium,m,1,,,,
seltzer water,w,2,,,,
semi skimmed,n,2,,,,
semi skimmed milk,b,3,,,,
sertraline,m,1,,,,
sesame seed,f,2,,,,
sf,n,1,,,,
shell,n,1,,,,
short,modifier,1,,,,
shortbread,f,1,,,,
shredded cheese,f,2,,,,
shredded wheat,f,2,,,,
side salad,f,2,,,,
silver,n,1,,,,
simvastatin,m,1,,,,
single,modifier,1,,,,
sip,n,1,,,,
sirloin,f,1,,,,
size,n,1,,,,
skin,n,1,,,,
skinny,modifier,1,,,,
skyr,n,1,,,,
sleep,n,1,,,,
slice bacon,f,2,,,,
slice bread,f,2,,,,
slice cheese,f,2,,,,
slice pizza,f,2,,,,
slice toast,f,2,,,,
slice ,modifier,1,,,,
sliced,modifier,1,,,,
sm,n,1,,,,
small glass,modifier,2,,,,
small piece,modifier,2,,,,
smart,n,1,,,,
smoothy,b,1,,,,
snap pea,b,2,,,,
snicker,n,1,,,,
soda water,w,2,,,,
sodium,n,1,,,,
soup bread,n,2,,,,
soup salad,n,2,,,,
soy latte,b,2,,,,
soy sauce,n,2,,,,
soymilk,b,1,,,,
special,n,1,,,,
special k,f,2,,,,
spelt,f,1,,,,
spinach avocado,n,2,,,,
spinach egg,n,2,,,,
spinach kale,n,2,,,,
spinach mushroom,n,2,,,,
spinach tomato,n,2,,,,
splash,n,1,,,,
spoon,modifier,1,,,,
spray,n,1,,,,
spring mix,f,2,,,,
spring onion,n,2,,,,
spring water,w,2,,,,
sprite,b,1,,,,
sriracha,f,1,,,,
st,n,1,,,,
steak potato,n,2,,,,
steamed broccoli,f,2,,,,
stirfry,modifier,1,,,,
strawberry blueberry,f,2,,,,
strawberry jam,f,2,,,,
sugar coffee,n,2,,,,
sugar snap,n,2,,,,
sugar snap pea,n,3,,,,
sugarfree,modifier,1,,,,
sultana,f,1,,,,
summer,n,1,,,,
supper,n,1,,,,
support,n,1,,,,
sweet corn,f,2,,,,
sweet pepper,f,2,,,,
sweet sour,f,2,,,,
sweetcorn,f,1,,,,
sweetened,modifier,1,,,,
sweetner,modifier,1,,,,
swiss chard,f,2,,,,
swiss cheese,f,2,,,,
symbicort,m,1,,,,
synthroid mcg,m,2,,,,
tall,modifier,1,,,,
tap,modifier,1,,,,
tap water,w,2,,,,
tbsp coconut,n,2,,,,
tea almond,n,2,,,,
tea almond milk,b,3,,,,
tea black,b,2,,,,
tea coconut,b,2,,,,
tea cream,b,2,,,,
tea milk no,n,3,,,,
tea milk no sugar,b,4,,,,
tea milk sugar,b,3,,,,
tea no,n,2,,,,
tea no sugar,b,3,,,,
tea oat,n,2,,,,
tea oat milk,b,3,,,,
tea skimmed,n,2,,,,
tea skimmed milk,b,3,,,,
tea soy,n,2,,,,
tea soy milk,b,3,,,,
tea soya,n,2,,,,
tea soya milk,b,3,,,,
tea stevia,b,2,,,,
tea sugar,b,2,,,,
tea unsweetened,b,2,,,,
teaspoon,modifier,1,,,,
tee,m,1,,,,
tempeh,f,1,,,,
tender,modifier,1,,,,
tenderloin,f,1,,,,
theanine,m,1,,,,
thins,n,1,,,,
third,modifier,1,,,,
thistle,n,1,,,,
thyroid med,m,2,,,,
thyroxine,m,1,,,,
tilapia,f,1,,,,
toast cheese,f,2,,,,
toast egg,f,2,,,,
toast jam,f,2,,,,
toffee,f,1,,,,
tom,f,1,,,,
tomato cheese,n,2,,,,
tomato chicken,n,2,,,,
tomato cucumber,n,2,,,,
tomato egg,n,2,,,,
tomato lettuce,n,2,,,,
tomato olive,n,2,,,,
tomato olive oil,n,3,,,,
tomato red,n,2,,,,
tomato salad,n,2,,,,
tomato spinach,n,2,,,,
tomatoe,f,1,,,,
tonic water,b,2,,,,
top,modifier,1,,,,
tostada,f,1,,,,
treat,n,1,,,,
triple,modifier,1,,,,
truffle,f,1,,,,
truvia,modifier,1,,,,
turkey breast,f,2,,,,
turkish,modifier,1,,,,
turmeric ginger,n,2,,,,
turmeric tea,b,2,,,,
turnip,f,1,,,,
two egg,n,2,,,,
two slice,modifier,2,,,,
tylenol,m,1,,,,
ubiquinol,m,1,,,,
ultra,n,1,,,,
unit,n,1,,,,
unsweetened,modifier,1,,,,
unsweet,modifier,1,,,,
unsweetened iced,n,2,,,,
unsweetened iced tea,b,3,,,,
unsweetened tea,b,2,,,,
veg soup,b,2,,,,
vega,n,1,,,,
vegan cheese,f,2,,,,
vegan protein,n,2,,,,
vege,n,1,,,,
vegemite,f,1,,,,
vegetable rice,n,2,,,,
vegetable salad,f,2,,,,
venison,f,1,,,,
venti,n,1,,,,
vinegar water,n,2,,,,
virgin,n,1,,,,
virgin olive,n,2,,,,
virgin olive oil,m,3,,,,
vit b,m,2,,,,
vit k,m,2,,,,
vital,n,1,,,,
vitamin b complex,m,3,,,,
vitamin b vitamin,m,3,,,,
vitamin c vitamin,m,3,,,,
vitamin e,m,2,,,,
vitamin fish,n,2,,,,
vitamin fish oil,m,3,,,,
vitamin magnesium,m,2,,,,
vitamin omega,m,2,,,,
vitamin probiotic,m,2,,,,
vitamin supplement,m,2,,,,
vitamin vitamin,m,2,,,,
vitamin water,n,2,,,,
wafer,f,1,,,,
warm,modifier,1,,,,
warm water,b,2,,,,
water apple,n,2,,,,
water apple cider,n,3,,,,
water apple cider vinegar,n,4,,,,
water bottle,n,2,,,,
water glass,n,2,,,,
water l,n,2,,,,
water lemon juice,n,3,,,,
water ounce,n,2,,,,
water water,w,2,,,,
wedge,n,1,,,,
weetabix,f,1,,,,
wellbutrin,m,1,,,,
whey,b,1,,,,
whip,n,1,,,,
whipped,n,1,,,,
whipped cream,f,2,,,,
whisky,b,1,,,,
white bean,f,2,,,,
whole meal,n,2,,,,
wholegrain,f,1,,,,
wholemeal bread,f,2,,,,
wholewheat,f,1,,,,
wild rice,n,2,,,,
wine glass,n,2,,,,
without,modifier,1,,,,
woman,n,1,,,,
wonton,f,1,,,,
xylitol,m,1,,,,
yellow pepper,f,2,,,,
yerba,n,1,,,,
yerba mate,b,2,,,,
yogurt banana,n,2,,,,
yogurt berry,n,2,,,,
yogurt blueberry,n,2,,,,
yogurt strawberry,n,2,,,,
z,n,1,,,,
zevia,b,1,,,,
zoloft,m,1,,,,
low carb,modifier,2,,,,
b complex,m,2,,,,
heavy cream,f,2,,,,
grey tea,n,2,,,,
egg avocado,n,2,,,,
mct oil,m,2,,,,
green juice,n,2,,,,
white coffee,n,2,,,,
cup,modifier,2,,,,
sugar free,modifier,2,,,,
coffee coconut,n,2,,,,
egg spinach,n,2,,,,
ounce,modifier,1,,,,
sea salt,f,2,,,,
glass red,n,2,,,,
cheese egg,n,2,,,,
la croix,b,2,,,,
tea honey,n,2,,,,
gluten free,modifier,2,,,,
cod liver,n,2,,,,
cucumber tomato,n,2,,,,
liver oil,n,2,,,,
coffee no,n,2,,,,
salad dressing,n,2,,,,
flat white,b,2,,,,
sweet tea,b,2,,,,
tea lemon,n,2,,,,
grass fed,n,2,,,,
no sugar,modifier,2,,,,
coffee soy,n,2,,,,
salted,modifier,1,,,,
skim,modifier,1,,,,
sweetener,modifier,1,,,,
extract,n,1,,,,
romaine,n,1,,,,
la,n,1,,,,
cafe,n,1,,,,
serving,modifier,1,,,,
mug,modifier,1,,,,
evening,modifier,1,,,,
mate,n,1,,,,
control,n,1,,,,
poached,modifier,1,,,,
digestive,modifier,1,,,,
ml,modifier,1,,,,
indian,modifier,1,,,,
snap,n,1,,,,
blood,n,1,,,,
toasted,modifier,1,,,,
sprouted,modifier,1,,,,
nutritional,modifier,1,,,,
extra,modifier,1,,,,
heart,n,1,,,,
cap,n,1,,,,
medication,modifier,1,,,,
semi,n,1,,,,
blend,n,1,,,,
instant,modifier,1,,,,
tablespoon,modifier,1,,,,
mince,n,1,,,,
liter,n,1,,,,
strip,n,1,,,,
enzyme,n,1,,,,
croix,n,1,,,,
birth,n,1,,,,
gram,modifier,1,,,,
fed,n,1,,,,
dry,modifier,1,,,,
gr,modifier,1,,,,
capsule,modifier,1,,,,
liver,n,1,,,,
thyroid,n,1,,,,
zinc,n,1,,,,
acid,n,1,,,,
soya,n,1,,,,
cider,n,1,,,,
tablet,n,1,,,,
l,n,1,,,,
pill,n,1,,,,
k,n,1,,,,
heavy,modifier,1,,,,
complex,n,1,,,,
stick,n,1,,,,
mcg,n,1,,,,
broth,n,1,,,,
tsp,modifier,1,,,,
keto,n,1,,,,
kefir,n,1,,,,
crisp,modifier,1,,,,
stevia,n,1,,,,
med,modifier,1,,,,
no,modifier,1,,,,
free,modifier,1,,,,
g,modifier,1,,,,
mineral,n,1,,,,
tb,modifier,1,,,,
ball,n,1,,,,
herb,n,1,,,,
tab,n,1,,,,
potassium,m,1,,,,
b,n,1,,,,
full,modifier,1,,,,
flake,n,1,,,,
leaf,n,1,,,,
krill,n,1,,,,
e,n,1,,,,
sea,n,1,,,,
drop,n,1,,,,
radish,n,1,,,,
grass,n,1,,,,
brazil,modifier,1,,,,
plus,modifier,1,,,,
coq,m,1,,,,
root,n,1,,,,
pint,n,1,,,,
flat,modifier,1,,,,
square,modifier,1,,,,
natural,modifier,1,,,,
bite,modifier,1,,,,
iron,m,1,,,,
skimmed,modifier,1,,,,
quarter,modifier,1,,,,
thin,modifier,1,,,,
breakfast,general,1,,,,
white,modifier,1,,,,
dinner,general,1,,,,
sauce,n,1,,,,
lunch,general,1,,,,
red,modifier,1,,,,
c,n,1,,,,
snack,general,1,,,,
vegan,general,1,,,,
soy,n,1,,,,
hot,modifier,1,,,,
bar,n,1,,,,
whole,modifier,1,,,,
veg,modifier,1,,,,
sweet,modifier,1,,,,
omega,n,1,,,,
black,modifier,1,,,,
decaf,modifier,1,,,,
mct,n,1,,,,
raw,modifier,1,,,,
diet,modifier,1,,,,
one,modifier,1,,,,
organic,modifier,1,,,,
powder,n,1,,,,
roasted,modifier,1,,,,
roast,modifier,1,,,,
multi,modifier,1,,,,
fried,modifier,1,,,,
large,modifier,1,,,,
fresh,modifier,1,,,,
mixed,modifier,1,,,,
dip,n,1,,,,
dried,modifier,1,,,,
handful,modifier,1,,,,
mix,modifier,1,,,,
steamed,modifier,1,,,,
drink,general,1,,,,
mini,modifier,1,,,,
grilled,modifier,1,,,,
plain,modifier,1,,,,
patty,n,1,,,,
vit,n,1,,,,
gf,n,1,,,,
morning,modifier,1,,,,
baked,modifier,1,,,,
flax,n,1,,,,
baby,modifier,1,,,,
frozen,modifier,1,,,,
swiss,modifier,1,,,,
brown,modifier,1,,,,
thai,modifier,1,,,,
greek,modifier,1,,,,
shredded,modifier,1,,,,
yellow,modifier,1,,,,
choc,n,1,,,,
light,modifier,1,,,,
low,modifier,1,,,,
vegetarian,modifier,1,,,,
double,modifier,1,,,,
italian,modifier,1,,,,
chinese,modifier,1,,,,
smoked,modifier,1,,,,
sauteed,n,1,,,,
spring,n,1,,,,
dessert,general,1,,,,
breast,n,1,,,,
french,modifier,1,,,,
cooked,modifier,1,,,,
zero,modifier,1,,,,
boiled,modifier,1,,,,
paleo,n,1,,,,
stuffed,modifier,1,,,,
rose,n,1,,,,
chick,n,1,,,,
ground,modifier,1,,,,
mash,n,1,,,,
wild,modifier,1,,,,
spicy,modifier,1,,,,
starbucks,b,1,,,,
club,n,1,,,,
soft,modifier,1,,,,
sparkling,n,1,,,,
medium,modifier,1,,,,
pc,n,1,,,,
mexican,modifier,1,,,,
covered,modifier,1,,,,
slaw,n,1,,,,
cold,modifier,1,,,,
buffalo,n,1,,,,
shot,modifier,1,,,,
cal,n,1,,,,
cob,n,1,,,,
iced,modifier,1,,,,
sub,modifier,1,,,,
pop,modifier,1,,,,
big,modifier,1,,,,
whole grain,n,2,,,,
side,modifier,1,,,,
grain,n,1,,,,
bake,modifier,1,,,,
bag,modifier,1,,,,
blue,modifier,1,,,,
chop,n,1,,,,
v,n,1,,,,
dark,modifier,1,,,,
hash,n,1,,,,
leftover,modifier,1,,,,
relish,n,1,,,,
scramble,modifier,1,,,,
asian,modifier,1,,,,
calorie,n,1,,,,
hard,modifier,1,,,,
blt,n,1,,,,
dog,n,1,,,,
buttered,modifier,1,,,,
sand,n,1,,,,
fat,n,1,,,,
mashed,modifier,1,,,,