gram_key,Corrected spelling,food_type,gram_type,tag1 - Joey/alternate name,tag2 - Satchin,tag3,tag4,tag5,reference,
vodka,,b,1,,Alcohol,,,,,
monster,,b,1,,Caffeine,,,,,
coke,,b,1,,Caffeine,,,,,
mocha,,b,1,coffee,Caffeine,High-sugar,,,,
milk,,b,1,,Dairy,protein ,,,,
tequila,,b,1,,Alcohol,,,,,
bai,,b,1,,,,,,,
shake,,b,1,milkshake,Dairy,High-Fat/High-Sugar,,Dessert,,
salad,,b,1,,Vegetable,,,,,
latte,,b,1,coffee,Coffee,dairy,,,,
oj,,b,1,orange juice,Fruit,,,,,
yogurt,,b,1,,Dairy,,,,,
honey,,b,1,,,,,,,
syrup,,b,1,,,,,,,
ipa,,b,1,,Alcohol,,,,,
tonic,,b,1,,,,,,,
ale,,b,1,,Alcohol,,,,,
cappuccino,,b,1,coffee,Coffee,,,,,
chai,,b,1,,Tea,,,,,
seltzer,,b,1,,,,,,,
wine,,b,1,,Alcohol,,,,,
lemonade,,b,1,,,,,,,
coconut,,b,1,,Fruit,,,,,
beer,,b,1,,Alcohol,,,,,
collagen,,b,1,,,,,,,
soda,,b,1,,,,,,,
creamer,,b,1,,Dairy,,,,,
coffee,,b,1,,Coffee,,,,,
gatorade,,b,1,,,,,,,
whiskey,,b,1,alcohol?,Alcohol,,,,,
pepsi,,b,1,,Caffeine,Soda,,,,
kombucha,,b,1,,,,,,,
tea,,b,1,,Tea,,,,,
bang,,b,1,,,,,,,
coors,,b,1,,Alcohol,,,,,
margarita,,b,1,,Alcohol,,,,,
smoothie,,b,1,,Fruit,,,,,
rum,,b,1,alcohol?,Alcohol,,,,,
gin,,b,1,,Alcohol,,,,,
red wine,,b,2,,Alcohol,,,,,
black tea,,b,2,,Tea,,,,,
coffee sugar,,b,2,coffee,Coffee,,,,,
raw sugar,,b,2,sugar,,,,,,
coconut water,,b,2,,Fruit,,,,,
emergen c,,b,2,,,,,,,
hard seltzer,,b,2,,Alcohol,,,,,
coffee creamer,,b,2,coffee,Coffee,Dairy,,,,
gin tonic,,b,2,,Alcohol,,,,,
half half,,b,2,,Dairy,,,,,
organic coffee,,b,2,coffee,Coffee,,,,,
organic celery,,b,2,,Vegetable,,,,,
sparkling water,,b,2,,,,,,,
cold brew,,b,2,,Coffee,,,,,
ice tea,,b,2,,Tea,,,,,
organic fruit,,b,2,,Fruit,,,,,
mocha coffee,,b,2,coffee,Coffee,Dairy,,,,
white wine,,b,2,,Alcohol,,,,,
coke zero,,b,2,,Caffeine,Soda,,,,
chia squeeze,,b,2,,,,,,,
thorne protein,,b,2,,,,,,,
energy drink,,b,2,,Caffeine,,,,,
coconut milk,,b,2,,Fruit,,,,,
pre workout,,b,2,,,,,,,
iced latte,,b,2,,Coffee,,,,,
dr pepper,,b,2,,Caffeine,Soda,,,,
celery juice,,b,2,,Vegetable,,,,,
green tea,,b,2,,Tea,,,,,
orange juice,,b,2,,Fruit,,,,,
protein smoothie,,b,2,,,,,,,
black coffee,,b,2,,Coffee,,,,,
coffee black,,b,2,black coffee,Coffee,,,,,
irish tea,,b,2,,Tea,,,,,
protein powder,,b,2,,,,,,,
diet pepsi,,b,2,,Caffeine,Soda,,,,
iced tea,,b,2,tea,Tea,,,,,
hot tea,,b,2,,Tea,,,,,
spinach shake,,b,2,,Vegetable,,,,,
sugar syrup,,b,2,,,,,,,
protein shake,,b,2,,,,,,,
coffee cream,,b,2,coffee,Coffee,Dairy,,,,
ipa beer,,b,2,,Alcohol,,,,,
protein drink,,b,2,,,,,,,
iced coffee,,b,2,coffee,Coffee,,,,,
coors light,,b,2,,Alcohol,,,,,
decaf coffee,,b,2,coffee?,,,,,,
almond milk,,b,2,,,,,,,
red bull,,b,2,,Caffeine,,,,,
almond creamer,,b,2,,,,,,,
diet coke,,b,2,,Caffeine,Soda,,,,
chocolate milk,,b,2,,protein ,,,,,
beer ipa,,b,2,,Alcohol,,,,,
small almond,,b,2,almond,,,,,,
brew coffee,,b,2,coffee,Coffee,,,,,
coffee milk,,b,2,coffee,Coffee,,,,,
bang energy,,b,2,,,,,,,
vodka soda,,b,2,,Alcohol,,,,,
coffee alm milk,,b,3,coffee,Coffee,,,,,
kombucha chia seed,,b,3,,,,,,,
coffee tsp creamer,,b,3,coffee,Coffee,Dairy,,,,
organic celery juice,,b,3,,Vegetable,,,,,
coconut milk mocha,,b,3,coffee,Coffee,,,,,
bang energy drink,,b,3,,Caffeine,,,,,
organic coffee honey,,b,3,coffee,Coffee,,,,,
almond creamer coffee,,b,3,coffee,Coffee,Dairy,,,,
coffee half half,,b,3,coffee,Coffee,Dairy,,,,
coffee almond milk,,b,3,coffee,Coffee,,,,,
coffee creamer sugar,,b,3,coffee,Coffee,Dairy,,,,
kill cliff pomegranate,,b,3,,,,,,,
coffee flavored creamer,,b,3,coffee,Coffee,Dairy,,,,
almond milk cappuccino,,b,3,coffee,Coffee,,,,,
fruit protein smoothie,,b,3,,Fruit,,,,,
coffee collagen protein,,b,3,coffee,Coffee,,,,,
coffee almond creamer,,b,3,coffee,Coffee,,,,,
apple cider vinegar,,b,3,,,,,,,
brain octain oil,,b,3,,,,,,,
coffee cream sugar,,b,3,coffee,Coffee,Dairy,,,,
latte sugar syrup,,b,3,coffee,Coffee,,,,,
coffee mct oil,,b,3,coffee,Coffee,,,,,
coffee milk sugar,,b,3,coffee,Coffee,,,,,
coffee soy creamer,,b,3,coffee,Coffee,,,,,
coffee raw sugar,,b,3,coffee,Coffee,,,,,
alm milk cream,,b,3,,,,,,,
cold brew coffee,,b,3,coffee,Coffee,,,,,
protein powder scoop,,b,3,,,,,,,
tb maple syrup,,b,3,,,,,,,
large coffee milk,,b,3,coffee,Coffee,,,,,
thorne protein powder,,b,3,,,,,,,
coffee maple syrup,,b,3,coffee,Coffee,,,,,
strawberry banana smoothie,,b,3,,Fruit,,,,,
iced coffee cream,,b,3,coffee,Coffee,,,,,
whole milk latte,,b,3,coffee,Coffee,Dairy,,,,
heavy whipping cream,,b,3,,Dairy,,,,,
nitro cold brew,,b,3,,Coffee,,,,,
superfood creamer tb,,b,3,,,,,,,
iced coffee superfood,,b,3,coffee,Coffee,,,,,
small almond milk,,b,3,,,,,,,
fruit spinach shake,,b,3,,Vegetable,Fruit,,,,
coffee mct creamer,,b,3,coffee,Coffee,,,,,
coffee superfood creamer,,b,3,coffee,Coffee,,,,,
coffee maple syrup cream,,b,4,coffee,Coffee,,,,,
monster energy absolute zero,,b,4,,,,,,,
coffee half half sugar,,b,4,coffee,Coffee,,,,,
almond milk protein smoothie,,b,4,,,,,,,
small almond milk cap,,b,4,,,,,,,
thorne protein powder scoop,,b,4,,,,,,,
small almond milk cappuccino,,b,4,coffee,Coffee,,,,,
coffee alm milk cream,,b,4,coffee,Coffee,,,,,
organic fruit spinach shake,,b,4,,Vegetable,Fruit,,,,
protein powder scoop coconut,,b,4,,,,,,,
iced coffee superfood creamer,,b,4,coffee,Coffee,,,,,
white claw hard seltzer,,b,4,,,,,,,
coffee honey almond milk,,b,4,coffee,Coffee,,,,,
bullet prof decaf coffee,,b,4,coffee,Coffee,,,,,
powder scoop coconut water,,b,4,,,,,,,
iced coffee maple syrup,,b,4,coffee,Coffee,,,,,
one cup black coffee,,b,4,coffee,Coffee,,,,,
coconut milk mocha coffee,,b,4,coffee,Coffee,,,,,
coffee tblsp grass fed butter,,b,5,coffee,Coffee,,,,,
coconut water thorne protein powder,,b,5,,,,,,,
iced coffee laird creamer tablespoon,,b,5,coffee,Coffee,,,,,
cold brew coffee almond milk,,b,5,coffee,Coffee,,,,,
black coffee tbsp brain oct,,b,5,coffee,Coffee,,,,,
coffee half half raw sugar,,b,5,coffee,Coffee,,,,,
small cup coffee almond crea,,b,5,coffee,Coffee,,,,,
organic coffee honey almond milk,,b,5,coffee,Coffee,,,,,
coffee laird creamer tablespoon maple,,b,5,coffee,Coffee,Dairy,,,,
thorne protein powder scoop coconut,,b,5,,,,,,,
black coffee heavy whipping cream,,b,5,coffee,Coffee,Dairy,,,,
laird creamer tablespoon maple syrup,,b,5,,,,,,,
protein powder scoop coconut water,,b,5,,,,,,,
cup coffee alm milk cream,,b,5,coffee,Coffee,,,,,
coffee raw sugar half half,,b,5,coffee,Coffee,,,,,
iced coffee cream maple syrup,,b,5,coffee,Coffee,Dairy,,,,
espresso,,b,1,coffee,Coffee,,,,,
cocoa,,b,1,,,,,,,
butterfat,,b,1,,,,,,,
caffeine,,b,1,coffee,Coffee,,,,,
americano,,b,1,coffee,Coffee,,,,,
cola,,b,1,,Caffeine,Soda,,,,
starbuck,,b,1,coffee,Coffee,,,,,
coca,,b,1,,,,,,,
yoghurt,,b,1,,Dairy,,,,,
herbal tea,,b,2,,Tea,,,,,
tea milk,,b,2,,Tea,,,,,
bulletproof coffee,,b,2,,Coffee,,,,,
soy milk,,b,2,,,,,,,
ml water,,b,2,,,,,,,
cup tea,,b,2,,Tea,,,,,
earl grey tea,,b,3,,Tea,,,,,
coffee heavy cream,,b,3,,Coffee,Dairy,,,,
coffee coconut oil,,b,3,,Coffee,,,,,
coffee stevia,,b,2,,Coffee,,,,,
coffee heavy,,b,2,,Coffee,,,,,
skimmed milk,,b,2,,Dairy,,,,,
skim milk,,b,2,,Dairy,,,,,
apple juice,,b,2,,Fruit,,,,,
whole milk,,b,2,,Dairy,,,,,
hot chocolate,,b,2,,,,,,,
peppermint tea,,b,2,,,,,,,
milk coffee,,b,2,,Coffee,Dairy,,,,
lemon juice,,b,2,,Fruit,,,,,
diet soda,,b,2,,Caffeine,Soda,,,,
chai tea,,b,2,,Tea,,,,,
mint tea,,b,2,,,,,,,
soya milk,,b,2,,,,,,,
decaf tea,,b,2,,,,,,,
ginger tea,,b,2,,,,,,,
greek yoghurt,,b,2,,,Dairy,,,,
white tea,,b,2,,,,,,,
rooibos tea,,b,2,,Tea,,,,,
green smoothie,,b,2,,Vegetable,,,,,
lemon water,,b,2,,Lemon,,,,,
oat milk,,b,2,,,,,,,
electrolyte,,b,1,,,,,,,
chamomile,,b,1,,,,,,,
matcha,,b,1,,,,,,,
coffe,,b,1,,Coffee,,,,,
cocktail,,b,1,,Alcohol,,,,,
apple cider,,b,2,,Fruit,,,,,
acv,,b,1,,,,,,,
alcohol,,b,1,,Alcohol,,,,,
almond milk coffee,,b,3,,Coffee,,,,,
banana smoothie,,b,2,,Fruit,,,,,
berry smoothie,,b,2,,Fruit,,,,,
black coffee no sugar,,b,4,,Coffee,,,,,
black tea milk,,b,3,,Tea,,,,,
blueberry yogurt,,b,2,,Dairy,,,,,
breakfast tea,,b,2,,Tea,,,,,
bullet proof,,b,2,,Coffee,,,,,
bullet proof coffee,,b,3,,Coffee,,,,,
bulletproof,,b,1,,Coffee,,,,,
cabernet,,b,1,,Alcohol,,,,,
cafe latte,,b,2,,Coffee,,,,,
camomile,,b,1,,,,,,,
camomile tea,,b,2,,,,,,,
carrot juice,,b,2,,Vegetable,,,,,
cashew milk,,b,2,,,,,,,
cereal milk,,b,2,,Dairy,Wheat,,,,
chai latte,,b,2,,,,,,,
chamomile tea,,b,2,,,,,,,
champagne,,b,1,,Alcohol,,,,,
chicken broth,,b,2,,Chicken,,,,,
coca cola,,b,2,,Caffeine,Soda,,,,
coconut yoghurt,,b,2,,Fruit,Dairy,,,,
coconut yogurt,,b,2,,Fruit,Dairy,,,,
cofee,,b,1,,Coffee,,,,,
coffe milk,,b,2,,Coffee,Dairy,,,,
coffee coconut milk,,b,3,,Coffee,,,,,
coffee coffee,,b,2,,Coffee,,,,,
coffee decaf,,b,2,,,,,,,
coffee no sugar,,b,3,,Coffee,,,,,
coffee oat milk,,b,3,,Coffee,,,,,
coffee skimmed milk,,b,3,,Coffee,Dairy,,,,
coffee soy milk,,b,3,,Coffee,,,,,
coffee sugar free,,b,3,,Coffee,,,,,
coffee unsweetened,,b,2,,Coffee,,,,,
coffee whole milk,,b,3,,Coffee,Dairy,,,,
cola zero,,b,2,,Caffeine,Soda,,,,
cranberry juice,,b,2,,Fruit,,,,,
cream coffee,,b,2,,Coffee,Dairy,,,,
crystal light,,b,2,,,,,,,
cup tea milk,,b,3,,Tea,,,,,
decaf coffee cream,,b,3,,Coffee,Dairy,,,,
decaf coffee milk,,b,3,,Decaf,Dairy,,,,
diet dr pepper,,b,3,,Caffeine,Soda,,,,
double espresso,,b,2,,Coffee,,,,,
earl grey,,b,2,,Tea,,,,,
english breakfast tea,,b,3,,Tea,,,,,
expresso,,b,1,,,,,,,
filter coffee,,b,2,,Coffee,,,,,
flat white coffee,,b,3,,Coffee,,,,,
french bread,,b,2,,Wheat,,,,,
fried fish,,b,2,,Fish,,,,,
fried potato,,b,2,,Vegetable,,,,,
fruit juice,,b,2,,Fruit,,,,,
fruit tea,,b,2,,Tea,Fruit,,,,
ginger ale,,b,2,,,Soda,,,,
ginger beer,,b,2,,Alcohol,,,,,
glass white wine,,b,3,,Alcohol,,,,,
goat milk,,b,2,,Dairy,,,,,
grape juice,,b,2,,Fruit,,,,,
grapefruit juice,,b,2,,Fruit,,,,,
hard cider,,b,2,,Alcohol,,,,,
herb tea,,b,2,,,,,,,
hibiscus tea,,b,2,,,,,,,
ice coffee,,b,2,,Coffee,,,,,
instant coffee,,b,2,,Coffee,,,,,
lemon ginger tea,,b,3,,,,,,,
lemon tea,,b,2,,,,,,,
light beer,,b,2,,Alcohol,,,,,
lime juice,,b,2,,Fruit,,,,,
macchiato,,b,1,,Coffee,,,,,
martini,,b,1,,,,,,,
matcha green,,b,2,,,,,,,
matcha green tea,,b,3,,Tea,,,,,
matcha latte,,b,2,,,,,,,
matcha tea,,b,2,,Tea,,,,,
milk chocolate,,b,2,,Dairy,,,,,
milk no sugar,,b,3,,Dairy,,,,,
milk stevia,,b,2,,Dairy,,,,,
milk tea,,b,2,,Tea,,,,,
milkshake,,b,1,,,,,,,
minestrone,,b,1,,,,,,,
miso soup,,b,2,,,,,,,
mountain dew,,b,2,,Caffeine,Soda,,,,
mushroom soup,,b,2,,Vegetable,,,,,
nespresso,,b,1,,,,,,,
oatmilk,,b,1,,,,,,,
oolong,,b,1,,Tea,,,,,
oolong tea,,b,2,,Tea,,,,,
pellegrino,,b,1,,,,,,,
pepsi max,,b,2,,Caffeine,Soda,,,,
pinot,,b,1,,Alcohol,,,,,
pint water,,b,2,,,,,,,
plain yogurt,,b,2,,Dairy,,,,,
potato soup,,b,2,,Vegetable,,,,,
preworkout,,b,1,,,,,,,
prosecco,,b,1,,,,,,,
pumpkin soup,,b,2,,Vegetable,,,,,
rice milk,,b,2,,Rice,,,,,
root beer,,b,2,,,,,,,
rose wine,,b,2,,Alcohol,,,,,
scotch,,b,1,,Alcohol,,,,,
semi skimmed milk,,b,3,,,,,,,
smoothy,,b,1,,Fruit,,,,,
soy latte,,b,2,,Coffee,,,,,
soymilk,,b,1,,Vegetable,,,,,
sprite,,b,1,,,,,,,
tea almond milk,,b,3,,Tea,,,,,
tea black,,b,2,,Tea,,,,,
tea coconut,,b,2,,Tea,,,,,
tea cream,,b,2,,Tea,,,,,
tea milk no sugar,,b,4,,Tea,,,,,
tea milk sugar,,b,3,,Tea,,,,,
tea no sugar,,b,3,,Tea,,,,,
tea oat milk,,b,3,,Tea,,,,,
tea skimmed milk,,b,3,,Tea,,,,,
tea soy milk,,b,3,,Tea,,,,,
tea soya milk,,b,3,,Tea,,,,,
tea stevia,,b,2,,Tea,,,,,
tea sugar,,b,2,,Tea,,,,,
tea unsweetened,,b,2,,Tea,,,,,
tonic water,,b,2,,,,,,,
turmeric tea,,b,2,,,,,,,
unsweetened iced tea,,b,3,,Tea,,,,,
unsweetened tea,,b,2,,Tea,,,,,
veg soup,,b,2,,Vegetable,,,,,
warm water,,b,2,,,,,,,
whey,,b,1,,,,,,,
whisky,,b,1,,Alcohol,,,,,
yerba mate,,b,2,,,,,,,
zevia,,b,1,,,,,,,
green juice,,b,2,,Vegetable,,,,,
la croix,,b,2,,,,,,,
flat white,,b,2,,,,,,,
sweet tea,,b,2,,Tea,,,,,
starbucks,,b,1,,Coffee,,,,,
chilli,,f,1,,,,,,,
chile,,f,1,,,,,,,
quinoa,,f,1,,,,,,,
macaroni,,f,1,pasta,,,,,,
bread,,f,1,,Wheat,,,,,
pho,,f,1,,,,,,,
eggplant,,f,1,,Vegetable,,,,,
bun,,f,1,,Wheat,,,,,
onion,,f,1,,Vegetable,,,,,
naan,,f,1,,Wheat,,,,,
olive,,f,1,,Fruit,,,,,
ceviche,,f,1,,Fish,protein ,,,https://en.wikipedia.org/wiki/Ceviche,
avocado,,f,1,,Fruit,,,,,
almond,,f,1,,Nuts,,,,,
bacon,,f,1,,Meat,protein ,,,,
pinto,,f,1,chicken,Lentil,,,,,
drumstick,,f,1,chicken,Vegetable,,,,,
cucumber,,f,1,,Vegetable,,,,,
tofu,,f,1,,,protein ,,,,
cornbread,,f,1,,Corn,,,,,
cake,,f,1,,Wheat,,,,,
waffle,,f,1,,,,,,,
trout,,f,1,,Fish,,,,,
kale,,f,1,,Vegetable,,,,,
tortilla,,f,1,,Corn,,,,,
sandwich,,f,1,,Wheat,,,,,
pepper,,f,1,,Vegetable,,,,,
salmon,,f,1,,Fish,protein ,,,,
frittata,,f,1,egg,,,,,https://en.wikipedia.org/wiki/Frittata,
burger,,f,1,,Wheat,,,,,
flour,,f,1,,Wheat,,,,,
stuffing,,f,1,,,,,,https://en.wikipedia.org/wiki/Stuffing,
cassava,,f,1,,Vegetable,,,,https://en.wikipedia.org/wiki/Cassava,
gelato,,f,1,dessert ,Dairy,,,,https://en.wikipedia.org/wiki/Gelato,
tortellini,,f,1,,Wheat,,,,,
cheetos,,f,1,,Snacks,,,,,
muffin,,f,1,,Wheat,,,,,
marinara,,f,1,,Vegetable,,,,,
mango,,f,1,,Fruit,,,,,
poke,,f,1,,meat,protein ,,,,
beef,,f,1,,Meat,protein ,,,,
spaghetti,,f,1,,Wheat,,,,,
doritos,,f,1,,Snacks,,,,,
tamale,,f,1,,Corn,,,,,
oat,,f,1,,Grain,,,,,
watermelon,,f,1,,Fruit,,,,,
banana,,f,1,,Fruit,,,,,
arugula,,f,1,,Vegetable,,,,,
hotdog,,f,1,,Wheat,Meat,protein ,,,
taco,,f,1,,Corn,Meat,protein ,,,
macadamia,,f,1,,Nuts,,,,,
lobster,,f,1,,Seafood,Meat,protein ,,,
gyro,,f,1,,Meat,,,,,
celery,,f,1,,Vegetable,,,,,
garbanzo,,f,1,,Lentil,,,,,
carrot,,f,1,,Vegetable,,,,,
gum,,f,1,,,,,,,
coleslaw,,f,1,Vegetable,Vegetable,,,,,
goat,,f,1,,Meat,,,,,
fry,,f,1,,,,,,,
alfredo,,f,1,,,,,,,
fish,,f,1,,Fish,,,,,
slider,,f,1,Sandwich,Bread,,,,,
strawberry,,f,1,,Fruit,,,,,
machaca,,f,1,,,,,,,
corn,,f,1,,Grain,,,,,
pineapple,,f,1,,Fruit,,,,,
subway,,f,1,Sandwich,Bread,,,,,
parmesan,,f,1,,Dairy,,,,,
spinach,,f,1,,Vegetable,,,,,
chili,,f,1,,,,,,,
salt,,f,1,,,,,,,
edamame,,f,1,,Vegetable,,,,,
chicken,,f,1,,Chicken,,,,,
barley,,f,1,,Grain,,,,,
lasagna,,f,1,noddles?,Grain,,,,,
cheese,,f,1,,Dairy,,,,,
candy,,f,1,,,,,,,
salami,,f,1,,Meat,,,,,
halibut,,f,1,,Fish,,,,,
oil,,f,1,,,,,,,
vanilla,,f,1,,,,,,,
cod,,f,1,,Fish,,,,,
tangerine,,f,1,orange?,Fruit,,,,,
jam,,f,1,,,,,,,
peach,,f,1,,Fruit,,,,,
balsamic,,f,1,,,,,,,
raisin,,f,1,,Fruit,,,,,
chip,,f,1,,,,,,,
apple,,f,1,Fruit,Fruit,,,,,
elk,,f,1,,Meat,,,,,
pickle,,f,1,,,,,,,
butter,,f,1,,Dairy,,,,,
panini,,f,1,,Bread,,,,,
chorizo,,f,1,,,,,,,
mayonnaise,,f,1,,,,,,,
supplement,,f,1,??,,,,,,
pork,,f,1,,Meat,,,,,
plantain,,f,1,,Fruit,,,,,
curry,,f,1,,,,,,,
sushi,,f,1,,Rice,Vegetable,,,,
asparagus,,f,1,,Vegetable,,,,,
cooky,Cookie,f,1,,Dessert,Wheat,,,,
nectarine,,f,1,,Fruit,,,,,
cauliflower,,f,1,,Vegetable,,,,,
raspberry,,f,1,,Fruit,,,,,
yolk,,f,1,,Egg,,,,,
chia,,f,1,?,Seed,,,,,
rib,,f,1,,Meat,,,,,
wheat,,f,1,,Wheat,,,,,
chocolate,,f,1,,Dessert,,,,,
masala,,f,1,,,,,,,
sprout,,f,1,,Vegetable,,,,,
pita,,f,1,Bread,Wheat,,,,,
acai,,f,1,,Fruit,,,,,
pie,,f,1,,Wheat,,,,,
green,,f,1,,Vegetable,,,,,
pasta,,f,1,,Wheat,,,,,
pecan,,f,1,,Nuts,,,,,
pumpkin,,f,1,Vegetable,Vegetable,,,,,
vinegar,,f,1,,,,,,,
garlic,,f,1,,Vegetable,,,,,
meal,,f,1,??,,,,,,
vinaigrette,,f,1,,,,,,,
squash,,f,1,,Vegetable,,,,,
walnut,,f,1,,Nuts,,,,,
hamburger,,f,1,,Meal,Wheat,Meat,,,
ham,,f,1,,Meat,,,,,
mahi,,f,1,,Fish,,,,,
mint,,f,1,,Herb,,,,,
fig,,f,1,,Fruit,,,,,
ketchup,,f,1,,Condiment,,,,,
arugala,,f,1,,Vegetable,,,,,
cinnamon,,f,1,,,,,,,
shrimp,,f,1,,Seafood,,,,,
crab,,f,1,Crab,Seafood,,,,,
donut,,f,1,,,,,,,
bratwurst,,f,1,,,,,,,
cranberry,,f,1,,Fruit,,,,,
fruit,,f,1,??,Fruit,,,,,
nacho,,f,1,Complex/vague,Wheat,Dairy,,,,
soup,,f,1,Vague,,,,,,
beet,,f,1,Individual,Vegetable,,,,,
pancake,,f,1,Individual,Wheat,,,,,
mozzarella,,f,1,Cheese,Cheese,,,,,
bean,,f,1,,Vegetable,,,,,
cantaloupe,,f,1,,Fruit,,,,,
stew,,f,1,,,,,,,
feta,,f,1,,Cheese,,,,,
tomato,,f,1,,Vegetable,,,,,
date,,f,1,Dry fruit,Fruit,,,,,
yam,,f,1,,Vegetable,,,,,
icecream,,f,1,ice cream,dessert,,,,,
lettuce,,f,1,,Vegetable,,,,,
calamari,,f,1,,Seafood,,,,,
wing,,f,1,,Chicken,,,,,
broccoli,,f,1,,Vegetable,,,,,
blueberry,,f,1,,Fruit,,,,,
peanut,,f,1,,Nuts,,,,,
doughnut,,f,1,,,,,,,
chowder,,f,1,,,,,,,
brisket,,f,1,,,,,,,
bagel,,f,1,,,,,,,
grape,,f,1,,Fruit,,,,,
cashew,,f,1,Nuts,Nuts,,,,,
cheerio,,f,1,,,,,,,
tot,,f,1,,,,,,,
melon,,f,1,,Vegetable,,,,,
cookie,,f,1,,,,,,,
pea,,f,1,,Vegetable,,,,,
sausage,,f,1,,Meat,,,,,
sunflower,,f,1,,Nuts,,,,,
toast,,f,1,,Wheat,,,,,
noodle,,f,1,,Wheat,,,,,
artichoke,,f,1,,Vegetable,,,,,
fajita,,f,1,,Vegetable,,,,,
ginger,,f,1,,Vegetable,,,,,
ramen,,f,1,,Wheat,,,,,
dressing,,f,1,,,,,,,
orange,,f,1,,Fruit,,,,,
caprese,,f,1,,,,,,,
potato,,f,1,,Vegetable,,,,,
berry,,f,1,,Fruit,,,,,
seafood,,f,1,??,Seafood,,,,,
ranch,,f,1,,,,,,,
jelly,,f,1,,,,,,,
brownie,,f,1,,,,,,,
nut,,f,1,,Nuts,,,,,
pastrami,,f,1,,Meat,,,,,
basil,,f,1,,Vegetable,,,,,
lamb,,f,1,,Meat,,,,,
blackberry,,f,1,,Fruit,,,,,
rice,,f,1,,Rice,,,,,
pizza,,f,1,,Wheat,,,,,
cheesecake,,f,1,cake?,Dairy,,,,,
cabbage,,f,1,,Vegetable,,,,,
popcorn,,f,1,Snack,,,,,,
tuna,,f,1,,Fish,,,,,
quesadilla,,f,1,Should be unigram,Wheat,Cheese,,,,
cheddar,,f,1,,Cheese,,,,,
quiche,,f,1,,,,,,,
splenda,,f,1,,,,,,,
granola,,f,1,oatmeal?,Grain,,,,,
brussels,,f,1,,Vegetable,,,,,
vegetable,,f,1,,Vegetable,,,,,
fettuccine,,f,1,,,,,,,
lime,,f,1,,Fruit,,,,,
clam,,f,1,,Seafood,,,,,
cilantro,,f,1,,Vegetable,,,,,
lemon,,f,1,,Fruit,,,,,
jerky,,f,1,,Meat,,,,,
pistachio,,f,1,,Nuts,,,,,
wrap,,f,1,,Wheat,Vegetable,,,,
cereal,,f,1,,Wheat,,,,,
brussel,,f,1,,Vegetable,,,,,
salsa,,f,1,,Vegetable,,,,,
omelet,,f,1,egg?,Egg,,,,,
rotisserie,,f,1,Chicken,Chicken,,,,,
croissant,,f,1,,,,,,,
gravy,,f,1,,,,,,,
ravioli,,f,1,,Wheat,,,,,
plum,,f,1,,Fruit,,,,,
bbq,,f,1,,Chicken,,,,,
pesto,,f,1,,Vegetable,,,,,
spread,,f,1,,,,,,,
mushroom,,f,1,,Vegetable,,,,,
mayo,,f,1,,,,,,,
guacamole,,f,1,,Vegetable,,,,,
sourdough,,f,1,,Wheat,,,,,
sesame,,f,1,,,,,,,
roll,,f,1,,Wheat,,,,,
zucchini,,f,1,,Vegetable,,,,,
bison,,f,1,,Meat,,,,,
oatmeal,,f,1,,Grain,,,,,
meat,,f,1,,Meat,,,,,
veggie,,f,1,,Vegetable,,,,,
cracker,,f,1,,Wheat,,,,,
casserole,,f,1,,Wheat,,,,,
lentil,,f,1,,Lentil,,,,,
potatoe,,f,1,,Vegetable,,,,,
pear,,f,1,,Fruit,,,,,
meatloaf,,f,1,,Meat,,,,,
hummus,,f,1,,Lentil,,,,,
couscous,,f,1,,Grain,,,,,
biscuit,,f,1,,Wheat,Snack,,,,
fajitas,,f,1,,Vegetable,,,,,
cheeseburger,,f,1,burger,Wheat,,,,,
pepperoni,,f,1,,Meat,,,,,
omelette,,f,1,egg?,Egg,,,,,
seed,,f,1,,,,,,,
cherry,,f,1,,Fruit,,,,,
steak,,f,1,beef,Meat,,,,,
grapefruit,,f,1,,Fruit,,,,,
meatball,,f,1,,Meat,,,,,
carnitas,,f,1,,meat,,,,https://en.wikipedia.org/wiki/Carnitas,
burrito,,f,1,,Wheat,Rice,,,,
turkey,,f,1,,Turkey,,,,,
muesli,,f,1,,Grain,,,,,
enchilada,,f,1,,Wheat,Chicken,,,,
pretzel,,f,1,,Wheat,,,,,
egg,,f,1,,Egg,protein,,,,
jalapeno,,f,1,,Vegetable,,,,,
seaweed,,f,1,,Vegetable,,,,,
baked chicken,,f,2,,Chicken,,,,,
cheese sandwich,,f,2,,Dairy,Wheat,,,,
salad veggie,,f,2,veggie?,Vegetable,,,,,
cauliflower rice,,f,2,,Vegetable,,,,,
baked veggie,,f,2,,Vegetable,,,,,
trail mix,,f,2,,Nuts,,,,,
pita bread,,f,2,,Wheat,,,,,
hot dog,,f,2,,Wheat,Meat,,,,
turkey sausage,,f,2,turkey,sausage,,,,,
breakfast burrito,,f,2,,Wheat,Rice,,,,
cottage cheese,,f,2,cheese,Dairy,,,,,
mexican rice,,f,2,,Rice,,,,,
pb j,,f,2,,,,,,,
seaweed salad,,f,2,,Vegetable,,,,,
egg bite,,f,2,,Egg,,,,,
coffee splenda,,f,2,coffee,Coffee,,,,,
ham cheese,,f,2,,Dairy,,,,,
flour tortilla,,f,2,,Wheat,,,,,
stir fry,,f,2,,,,,,,
pad thai,,f,2,,Wheat,,,,,
lentil soup,,f,2,,Lentil,,,,,
garlic bread,,f,2,,Wheat,,,,,
kale salad,,f,2,,Vegetable,,,,,
half avocado,,f,2,avocado,Fruit,,,,,
corn bread,,f,2,,Wheat,,,,,
chicken sausage,,f,2,,Chicken,,,,,
lettuce wrap,,f,2,,Vegetable,,,,,
roasted vegetable,,f,2,,Vegetable,,,,,
spinach wrap,,f,2,,Vegetable,,,,,
yogurt fruit,,f,2,,Dairy,,,,,
chocolate chip,,f,2,,,,,,,
turkey meat,,f,2,turkey,Turkey,,,,,
parmesan cheese,,f,2,,Dairy,,,,,
cheddar cheese,,f,2,,Dairy,,,,,
creamer coffee,,f,2,coffee,Coffee,Dairy,,,,
chicken burrito,,f,2,,Chicken,,,,,
mahi mahi,,f,2,,Fish,,,,,
fruit smoothie,,f,2,,Fruit,,,,,
cliff bar,,f,2,,,,,,,
veggie salad,,f,2,,Vegetable,,,,,
refried bean,,f,2,,Lentil,,,,,
fruit chia,,f,2,,Fruit,,,,,
turkey burger,,f,2,burger,Wheat,,,,,
macaroni salad,,f,2,,,,,,,
caesar salad,,f,2,,Vegetable,,,,,
corn chip,,f,2,,Corn,,,,,
pulled pork,,f,2,,Meat,,,,,
california burrito,,f,2,burrito?,Wheat,Rice,,,,
french toast,,f,2,,Wheat,,,,,
organic granola,,f,2,,Grain,,,,,
poke bowl,,f,2,,,,,,,
tomato soup,,f,2,,Vegetable,,,,,
chicken enchilada,,f,2,,Chicken,,,,,
sweet potato,,f,2,,Vegetable,,,,,
granola honey,,f,2,,Grain,,,,,
bean soup,,f,2,,Lentil,,,,,
greek salad,,f,2,,Vegetable,,,,,
pinto bean,,f,2,,Lentil,,,,,
wheat bread,,f,2,,Wheat,,,,,
ground beef,,f,2,beef,Meat,,,,,
breakfast biscuit,,f,2,,,,,,,
chicken bowl,,f,2,,Chicken,,,,,
tortilla chip,,f,2,,Corn,,,,,
tuna sandwich,,f,2,,Fish,Wheat,,,,
fruit salad,,f,2,,Fruit,,,,,
salad wrap,,f,2,,Vegetable,,,,,
almond unsalted,,f,2,,Nuts,,,,,
dark chocolate,,f,2,,,,,,,
ground turkey,,f,2,turkey,Turkey,,,,,
grilled veggie,,f,2,veggie,Vegetable,,,,,
pesto pasta,,f,2,,Vegetable,,,,,
prime rib,,f,2,,Meat,,,,,
spring roll,,f,2,,Wheat,Vegetable,,,,
chicken quinoa,,f,2,,Chicken,,,,,
vegetable soup,,f,2,,Vegetable,,,,,
fruit bowl,,f,2,,Fruit,,,,,
frozen yogurt,,f,2,,Dairy,,,,,
club sandwich,,f,2,,Wheat,,,,,
italian sub,,f,2,,Wheat,Meat,,,,
veggie burrito,,f,2,,Vegetable,,,,,
steak salad,,f,2,,Meat,Vegetable,,,,
blueberry muffin,,f,2,muffin?,,,,,,
oatmeal honey,,f,2,,Grain,,,,,
brown rice,,f,2,,Rice,,,,,
ice cream,,f,2,,Dairy,,,,,
clif bar,,f,2,,,,,,,
turkey taco,,f,2,taco,turkey,,,,,
flax seed,,f,2,,,,,,,
pork chop,,f,2,,Meat,,,,,
chip cooky,,f,2,,,,,,,
veggie soup,,f,2,,Vegetable,,,,,
avocado sandwich,,f,2,,Wheat,,,,,
acai bowl,,f,2,,,,,,,
red onion,,f,2,,Vegetable,,,,,
greek yogurt,,f,2,,Dairy,,,,,
blue cheese,,f,2,,Dairy,,,,,
ham sandwich,,f,2,,Wheat,,,,,
spaghetti squash,,f,2,,Wheat,Vegetable,,,,
lara bar,,f,2,,,,,,,
buttered toast,,f,2,,Wheat,,,,,
double double,,f,2,,,,,,,
dried cranberry,,f,2,cranberry,Fruit,,,,,
veggie smoothie,,f,2,,Vegetable,,,,,
cesar salad,,f,2,salad,Vegetable,,,,,
bagel cream,,f,2,,Dairy,,,,,
cheese steak,,f,2,beef,Dairy,,,,,
grilled chicken,,f,2,,Chicken,,,,,
mixed nut,,f,2,nut,Nuts,,,,,
gluten cracker,,f,2,,,,,,,
smoked salmon,,f,2,,Fish,,,,,
wheat toast,,f,2,,Wheat,,,,,
potato salad,,f,2,,Vegetable,,,,,
swiss sandwich,,f,2,sandwich?,Wheat,,,,,
chicken wing,,f,2,,Chicken,,,,,
asada taco,,f,2,taco,asada,beef,,,,
teriyaki chicken,,f,2,,Chicken,,,,,
balsamic vinegar,,f,2,,,,,,,
chocolate bar,,f,2,,,,,,,
chicken wrap,,f,2,,Chicken,Wheat,,,,
cherry tomato,,f,2,,Vegetable,,,,,
salad fruit,,f,2,,Fruit,,,,,
yogurt granola,,f,2,,Dairy,,,,,
organic apple,,f,2,,Fruit,,,,,
arugula salad,,f,2,,Vegetable,,,,,
olive oil,,f,2,,,,,,,
carnitas taco,,f,2,taco,Corn,,,,,
asian salad,,f,2,,Vegetable,,,,,
shredded chicken,,f,2,,Chicken,,,,,
egg salad,,f,2,,Egg,Vegetable,,,,
rotisserie chicken,,f,2,,Chicken,,,,,
roasted almond,,f,2,,Nuts,,,,,
sweet potatoe,,f,2,,Vegetable,,,,,
turkey bacon,,f,2,turkey,bacon,,,,,
bitchin sauce,,f,2,,,,,,,
pork loin,,f,2,,Meat,,,,,
carne asada,,f,2,,Meat,Corn,,,,
power bowl,,f,2,,,,,,,
spanish rice,,f,2,,Rice,,,,,
chicken pasta,,f,2,,Chicken,Wheat,,,,
egg sandwich,,f,2,,Wheat,,,,,
fruit yogurt,,f,2,,Dairy,,,,,
breakfast sandwich,,f,2,,Wheat,,,,,
oatmeal coconut,,f,2,,Fruit,Grain,,,,
cheese burrito,,f,2,burrito?,Dairy,,,,,
mixed fruit,,f,2,,Fruit,,,,,
pork rib,,f,2,,Meat,,,,,
pollo asada,,f,2,,Chicken,,,,,
egg yolk,,f,2,,Egg,,,,,
street taco,,f,2,taco,Wheat,Meat,,,,
chicken fajita,,f,2,,Chicken,,,,,
cobb salad,,f,2,,Vegetable,,,,,
pastrami sandwich,,f,2,,Wheat,,,,,
string cheese,,f,2,,Dairy,,,,,
squash soup,,f,2,,Vegetable,,,,,
butternut squash,,f,2,,Vegetable,,,,,
sushi roll,,f,2,,Rice,Meat,,,,
steak egg,,f,2,,Meat,Egg,,,,
chia seed,,f,2,,,,,,,
butter toast,,f,2,,Wheat,,,,,
biscuit gravy,,f,2,,,,,,,
black bean,,f,2,,Lentil,,,,,
tater tot,,f,2,,,,,,,
chicken soup,,f,2,,Chicken,,,,,
grilled cheese,,f,2,,Dairy,,,,,
kind bar,,f,2,,,,,,,
dried mango,,f,2,,Fruit,,,,,
fried egg,,f,2,egg,Egg,,,,,
baked potato,,f,2,,Vegetable,,,,,
hash brown,,f,2,,Vegetable,,,,,
sunflower seed,,f,2,,Nuts,,,,,
veggie scramble,,f,2,,Vegetable,,,,,
red bell,,f,2,,Vegetable,,,,,
kettle chip,,f,2,,,,,,,
cabbage salad,,f,2,,Vegetable,,,,,
spinach salad,,f,2,,Vegetable,,,,,
peanut butter,,f,2,,Nuts,,,,,
cheese pizza,,f,2,,Dairy,,,,,
chicken breast,,f,2,,Chicken,,,,,
meat sauce,,f,2,,,,,,,
brussels sprout,,f,2,,Vegetable,,,,,
rx bar,,f,2,,,,,,,
bean burrito,,f,2,,Wheat,Rice,Lentil,,,
chipotle chicken,,f,2,,Chicken,Wheat,,,,
boiled egg,,f,2,egg,Egg,,,,,
sour cream,,f,2,,Dairy,,,,,
veggie pizza,,f,2,,Vegetable,,,,,
ahi poke,,f,2,,Fish,,,,,
chip salsa,,f,2,,Vegetable,,,,,
white rice,,f,2,,Rice,,,,,
beef jerky,,f,2,beef,Meat,,,,,
mac cheese,,f,2,,Dairy,,,,,
pepperoni pizza,,f,2,,Wheat,Meat,,,,
tuna salad,,f,2,,Fish,,,,,
clam chowder,,f,2,,,,,,,
quinoa salad,,f,2,salad?,Vegetable,Grain,,,,
roasted chicken,,f,2,,Chicken,,,,,
almond butter,,f,2,,Nuts,,,,,
mixed vegetable,,f,2,,Vegetable,,,,,
organic banana,,f,2,,Fruit,,,,,
breakfast scramble,,f,2,,Egg,,,,,
toast butter,,f,2,,Wheat,Dairy,,,,
balsamic vinaigrette,,f,2,,,,,,,
cole slaw,,f,2,,Vegetable,,,,,
granola bar,,f,2,,,,,,,
green bean,,f,2,,Vegetable,,,,,
blue berry,,f,2,,Fruit,,,,,
nut butter,,f,2,,Nuts,,,,,
chicken pesto,,f,2,,Chicken,,,,,
jelly sandwich,,f,2,,Wheat,,,,,
rolled taco,,f,2,taco,Corn,Meat,,,,
blt sandwich,,f,2,,Wheat,,,,,
salmon salad,,f,2,,Vegetable,Fish,,,,
submarine atc,,f,2,,,,,,,
shrimp taco,,f,2,taco,shrimp,,,,,
scrambled egg,,f,2,,Egg,,,,,
macadamia nut,,f,2,,Nuts,,,,,
shrimp burrito,,f,2,burrito?,Wheat,Rice,Seafood,,,
chocolate cake,,f,2,,Wheat,,,,,
chocolate almond,,f,2,,,,,,,
aussie bite,,f,2,,,,,,,
chicken thigh,,f,2,,Chicken,,,,,
bell pepper,,f,2,pepper?,Vegetable,,,,,
chicken curry,,f,2,,Chicken,,,,,
sourdough toast,,f,2,,Wheat,,,,,
avocado toast,,f,2,,Wheat,Fruit,,,,
turkey wrap,,f,2,turkey,Wheat,Turkey,,,,
chicken sandwich,,f,2,,Chicken,Wheat,,,,
mixed veggie,,f,2,veggie,Vegetable,,,,,
granola bowl,,f,2,,Grain,,,,,
cinnamon roll,,f,2,,,,,,,
noodle soup,,f,2,,,,,,,
cheese cracker,,f,2,,Dairy,,,,,
rice bowl,,f,2,,Rice,,,,,
turkey sandwich,,f,2,sandwich,Wheat,,,,,
turkey chili,,f,2,turkey,Turkey,Lentil,,,,
sourdough bread,,f,2,,Wheat,,,,,
orange chicken,,f,2,,Chicken,,,,,
mashed potato,,f,2,potato,Vegetable,,,,,
coconut oil,,f,2,,,,,,,
fried chicken,,f,2,,Chicken,,,,,
pot pie,,f,2,,,,,,,
baked bean,,f,2,,Lentil,,,,,
tortilla soup,,f,2,,Wheat,,,,,
mixed green,,f,2,,Vegetable,,,,,
protein bar,,f,2,,,,,,,
garden salad,,f,2,salad,Vegetable,,,,,
english muffin,,f,2,,,,,,,
egg scramble,,f,2,,Egg,,,,,
chicken fajitas,,f,2,,Chicken,,,,,
chicken broccoli,,f,2,,Chicken,,,,,
fried rice,,f,2,,Rice,,,,,
cream cheese,,f,2,,Dairy,,,,,
salad mixed,,f,2,,Vegetable,,,,,
beef sandwich,,f,2,sandwich,Wheat,Meat,,,,
ahi tuna,,f,2,,Fish,,,,,
beef taco,,f,2,taco,Meat,Corn,,,,
bread butter,,f,2,,Wheat,,,,,
potato chip,,f,2,,,,,,,
apple pie,,f,2,,Fruit,,,,,
roast beef,,f,2,beef,Meat,,,,,
pork sandwich,,f,2,,Wheat,,,,,
pita chip,,f,2,,,,,,,
chicken salad,,f,2,,Chicken,Vegetable,,,,
veggie wrap,,f,2,veggie,Vegetable,,,,,
garbanzo bean,,f,2,,Lentil,,,,,
chicken taco,,f,2,taco,Chicken,Corn,,,,
fish taco,,f,2,taco,Fish,Corn,,,,
al pastor,,f,2,,,,,,,
fig bar,,f,2,,,,,,,
turkey salad,,f,2,salad,turkey,,,,,
pb bar,,f,2,peanut butter,,,,,,
french fry,,f,2,,,,,,,
green salad,,f,2,,Vegetable,,,,,
cheese burger,,f,2,,Dairy,,,,,
bbq chicken,,f,2,,Chicken,,,,,
raw almond,,f,2,,Nuts,,,,,
avocado salad,,f,2,,Fruit,Vegetable,,,,
feta cheese,,f,2,,Dairy,,,,,
egg roll,,f,2,egg,Egg,Wheat,,,,
corned beef,,f,2,beef,Meat,Corn,,,,
pasta salad,,f,2,,Wheat,Vegetable,,,,
banana bread,,f,2,,Wheat,,,,,
surf turf,,f,2,,,,,,,
chicken fried,,f,2,,Chicken,,,,,
tri tip,,f,2,,,,,,,
taco salad,,f,2,taco,salad,,,,,
roasted veggie,,f,2,,Vegetable,,,,,
ranch dressing,,f,2,,,,,,,
fish burrito,,f,2,,Fish,Wheat,Rice,,,
veggie sandwich,,f,2,,Vegetable,,,,,
brussel sprout,,f,2,,Vegetable,,,,,
egg burrito,,f,2,,Wheat,Rice,Egg,,,
onion ring,,f,2,,,,,,,
goat cheese,,f,2,,Dairy,,,,,
monster energy drink,,f,3,,Caffeine,Soda,,,,
bbq chicken salad,,f,3,,Chicken,Vegetable,,,,
sweet potato fry,,f,3,,,,,,,
organic granola fruit,,f,3,,Fruit,,,,,
chicken cesar salad,,f,3,,Vegetable,Chicken,,,,
chocolate chip cooky,,f,3,,,,,,,
pollo asada burrito,,f,3,,Wheat,Rice,Chicken,,,
honey bunch oat,,f,3,,Grain,,,,,
vegan oatmeal cookie,,f,3,,Grain,,,,,
butter maple syrup,,f,3,,,,,,,
bean cheese burrito,,f,3,,Dairy,,,,,
tortilla chip salsa,,f,3,,,,,,,
greek chicken salad,,f,3,,Vegetable,Chicken,,,,
mixed green avocado,,f,3,,Vegetable,,,,,
pasta meat sauce,,f,3,,Wheat,,,,,
egg hard boiled,,f,3,,Egg,,,,,
salad ranch dressing,,f,3,,,,,,,
grilled chicken salad,,f,3,,Vegetable,Chicken,,,,
peanut butter pretzel,,f,3,,Wheat,Nuts,,,,
nature valley bar,,f,3,,,,,,,
black bean rice,,f,3,,Rice,,,,,
whole wheat bread,,f,3,,Wheat,,,,,
turkey sandwich chip,,f,3,sandwich,Wheat,,,,,
vanilla ice cream,,f,3,,Dairy,,,,,
shredded chicken salad,,f,3,,Vegetable,Chicken,,,,
carne asada fry,,f,3,,,,,,,
chocolate chip cookie,,f,3,,,,,,,
bagel cream cheese,,f,3,,Dairy,,,,,
vanilla greek yogurt,,f,3,,Dairy,,,,,
roasted almond unsalted,,f,3,,Nuts,,,,,
ham cheese sandwich,,f,3,,Dairy,,,,,
mixed nut butter,,f,3,,Nuts,,,,,
bacon breakfast burrito,,f,3,,Wheat,Rice,Meat,,,
smoothie strawberry banana,,f,3,,Fruit,,,,,
philly cheese steak,,f,3,,Meat,,,,,
olive half cup,,f,3,,Fruit,,,,,
peanut butter sandwich,,f,3,,Nuts,,,,,
yogurt granola honey,,f,3,,Dairy,,,,,
red bell pepper,,f,3,,Vegetable,,,,,
brown rice quinoa,,f,3,,Rice,,,,,
beef swiss sandwich,,f,3,sandwich,Meat,Wheat,,,,
butternut squash soup,,f,3,,Vegetable,,,,,
chicken pesto pasta,,f,3,,Chicken,Wheat,,,,
mint moose track,,f,3,,,,,,,
peanut butter cookie,,f,3,,,,,,,
veggie breakfast scramble,,f,3,,Vegetable,,,,,
spinach smoothie strawberry,,f,3,,Fruit,,,,,
pulled pork sandwich,,f,3,,Wheat,,,,,
salad grilled chicken,,f,3,,Vegetable,Chicken,,,,
surf turf burrito,,f,3,,Wheat,Rice,Seafood,,,
chicken salad avocado,,f,3,,Vegetable,Chicken,,,,
chicken brown rice,,f,3,,Chicken,Rice,,,,
pita chip hummus,,f,3,,Wheat,,,,,
egg bacon sandwich,,f,3,,Wheat,,,,,
builder protein bar,,f,3,,,,,,,
spinach salad chicken,,f,3,,Vegetable,Chicken,,,,
roast beef sandwich,,f,3,sandwich,Meat,Wheat,,,,
turkey cheese sandwich,,f,3,sandwich,Dairy,cheese,,,,
hard boiled egg,,f,3,,Egg,,,,,
chicken salad sandwich,,f,3,,Vegetable,Chicken,,,,
unsweetened almond milk,,f,3,,,,,,,
veggie egg scramble,,f,3,,Vegetable,,,,,
coffee sugar cream,,f,3,coffee,Coffee,Dairy,,,,
plain greek yogurt,,f,3,,Dairy,,,,,
quinoa brown rice,,f,3,,Rice,,,,,
grilled cheese sandwich,,f,3,,Dairy,Wheat,,,,
wheat english muffin,,f,3,,Wheat,,,,,
pepper jack cheese,,f,3,,Dairy,,,,,
stuffed bell pepper,,f,3,,Vegetable,,,,,
turkey taco salad,,f,3,taco,Vegetable,turkey,chicken,,,
carne asada taco,,f,3,taco,asada,beef,,,,
roasted brussel sprout,,f,3,,,,,,,
black bean burger,,f,3,,Wheat,,,,,
chicken tortilla soup,,f,3,,Chicken,,,,,
chicken street taco,,f,3,taco,Chicken,Corn,,,,
chicken fried rice,,f,3,,Chicken,Rice,,,,
whole wheat toast,,f,3,,Wheat,,,,,
chicken caesar salad,,f,3,,Vegetable,Vegetable,,,,
spring mix green,,f,3,,Vegetable,,,,,
salad mixed green,,f,3,,Vegetable,,,,,
turkey rice veggie,,f,3,turkey,Rice,veggie,,,,
toasted sesame dressing,,f,3,,,,,,,
slim fast shake,,f,3,,,,,,,
strawberry greek yogurt,,f,3,,Dairy,Fruit,,,,
carne asada burrito,,f,3,,Wheat,Rice,Meat,,,
egg cheese sandwich,,f,3,,Dairy,Wheat,,,,
butter breakfast biscuit,,f,3,,,,,,,
chicken pasta pesto,,f,3,,Chicken,Wheat,,,,
olive oil vinegar,,f,3,,,,,,,
ice cream sandwich,,f,3,,Wheat,,,,,
sun dried tomato,,f,3,,Vegetable,,,,,
toast peanut butter,,f,3,,Nuts,,,,,
bbq chicken pizza,,f,3,,Chicken,Wheat,,,,
shrimp fajita burrito,,f,3,,Wheat,Rice,Seafood,,,
greek salad chicken,,f,3,,Vegetable,Chicken,,,,
chewy granola bar,,f,3,,Grain,,,,,
spaghetti meat sauce,,f,3,,,,,,,
kirkland chocolate bar,,f,3,,,,,,,
tuna salad sandwich,,f,3,,Fish,Wheat,,,,
chinese chicken salad,,f,3,,Chicken,,,,,
whole grain toast,,f,3,,Wheat,,,,,
chicken noodle soup,,f,3,,Chicken,,,,,
chicken veggie rice,,f,3,,Vegetable,Chicken,Rice,,,
chicken pot pie,,f,3,,Chicken,Wheat,,,,
fruit veggie smoothie,,f,3,,Vegetable,Fruit,,,,
tri tip salad,,f,3,,Vegetable,,,,,
egg salad sandwich,,f,3,,Wheat,,,,,
mixed green salad,,f,3,,Vegetable,,,,,
egg cheese burrito,,f,3,,Dairy,,,,,
split pea soup,,f,3,,Vegetable,,,,,
peanut butter bar,,f,3,,Nuts,,,,,
ground turkey rice,,f,3,turkey,Rice,,,,,
honey nut cheerio,,f,3,,Wheat,,,,,
veggie breakfast burrito,,f,3,,Vegetable,,,,,
steel cut oat,,f,3,,Grain,,,,,
cauliflower crust pizza,,f,3,,Vegetable,,,,,
mixed green lettuce,,f,3,,Vegetable,,,,,
chicken stir fry,,f,3,,Chicken,,,,,
g oatmeal almond,,f,3,,Grain,,,,,
turkey avocado sandwich,,f,3,,Wheat,,,,,
chicken rice salad,,f,3,,Vegetable,Chicken,Rice,,,
olives,,f,3,,Fruit,,,,,
turkey breast sandwich,,f,3,sandwich,Wheat,,,,,
peanut butter toast,,f,3,,Nuts,,,,,
onion bell pepper,,f,3,,Vegetable,,,,,
tri tip sandwich,,f,3,,Wheat,,,,,
chicken taco salad,,f,3,taco,Corn,Chicken,,,,
gf organic granola,,f,3,,Grain,,,,,
bacon cheese bagel,,f,3,,Dairy,,,,,
chicken burrito avo,,f,3,,Chicken,Wheat,Rice,,,
fruit yogurt granola,,f,3,,Dairy,Fruit,,,,
egg sausage burrito,,f,3,,Wheat,Rice,Egg,,,
dark chocolate almond,,f,3,,,,,,,
whole grain bread,,f,3,,Wheat,,,,,
cereal almond milk,,f,3,,,,,,,
greek yogurt granola,,f,3,,Dairy,,,,,
vegetable tikka masala,,f,3,,Vegetable,,,,,
coffee vanilla creamer,,f,3,coffee,Coffee,,,,,
egg bagel sandwich,,f,3,,Wheat,,,,,
yogurt granola bowl,,f,3,,Dairy,,,,,
ice cream bar,,f,3,,,,,,,
grilled chicken sandwich,,f,3,,Chicken,Wheat,,,,
fruit yogurt smoothie,,f,3,,Dairy,Fruit,,,,
corned beef cabbage,,f,3,beef,Vegetable,,,,,
roast beef swiss sandwich,,f,4,sandwich,Wheat,Meat,,,,
fruit yogurt granola bowl,,f,4,,Dairy,Fruit,,,,
halo top ice cream,,f,4,,,,,,,
steel cut quinoa oatmeal,,f,4,,Grain,,,,,
peanut butter jelly sandi,,f,4,,Nuts,,,,,
whole wheat english muffin,,f,4,,,,,,,
salad olive oil vinegar,,f,4,,,,,,,
slice whole grain bread,,f,4,,Wheat,,,,,
ginger cayenne spinach smoothie,,f,4,,Vegetable,,,,,
moose track ice cream,,f,4,,,,,,,
oatmeal apple spice cinnamon,,f,4,,Fruit,Grain,,,,
dark chocolate pb bar,,f,4,,,,,,,
protein powder almond milk,,f,4,,,,,,,
protein shake banana spinach,,f,4,,Vegetable,,,,,
almond butter breakfast biscuit,,f,4,,,,,,,
coconut peanut butter bar,,f,4,,Nuts,,,,,
kale fruit protein smoothie,,f,4,,Vegetable,Fruit,,,,
peanut butter jelly sandwich,,f,4,,Nuts,Wheat,,,,
protein shake almond milk,,f,4,,,,,,,
soft chewy granola bar,,f,4,,,,,,,
zero cal monster energy,,f,4,,,,,,,
kirkland soft chewy granola bar,,f,5,,,,,,,
honey nut cheerio lactaid mlk,,f,5,,,,,,,
dried cranberry dried blueberry oatmeal,,f,5,,Fruit,Grain,,,,
oatmeal peanut butter chia seed,,f,5,,Nuts,Grain,,,,
grain bread slice bread honey,,f,5,,Wheat,,,,,
slice whole grain bread slice,,f,5,,Wheat,,,,,
protein shake almond milk banana,,f,5,,Fruit,,,,,
mint moose track ice cream,,f,5,,,,,,,
whole g oatmeal almond raisin,,f,5,,Grain,,,,,
porridge,,f,1,,,,,,,
sauerkraut,,f,1,,Vegetable,,,,,
rye,,f,1,,Grain,,,,,
pudding,,f,1,,,,,,,
mandarin,,f,1,,Fruit,,,,,
caramel,,f,1,,,,,,,
hazelnut,,f,1,,Nuts,,,,,
clementine,,f,1,,Fruit,,,,,
chard,,f,1,,Vegetable,,,,,
bran,,f,1,,,,,,,
dumpling,,f,1,,,,,,,
carb,,f,1,,,,,,,
wholemeal,,f,1,,,,,,,
chipotle,,f,1,,,,,,,
duck,,f,1,,Meat,,,,,
oyster,,f,1,,Seafood,,,,,
pumpkin seed,,f,2,,,,,,,
red pepper,,f,2,,Vegetable,,,,,
water lemon,,f,2,,Fruit,,,,,
mixed salad,,f,2,,Vegetable,,,,,
rice bean,,f,2,,Vegetable,Rice,,,,
cheese bread,,f,2,,Dairy,Wheat,,,,
bread cheese,,f,2,,Dairy,Wheat,,,,
rice cake,,f,2,,Rice,,,,,
brazil nut,,f,2,,Nuts,,,,,
egg white,,f,2,,Egg,,,,,
tomato sauce,,f,2,,Vegetable,,,,,
broccoli sprout,,f,2,,Vegetable,,,,,
bone broth,,f,2,,,,,,,
veggie burger,,f,2,,Vegetable,Wheat,,,,
cheese stick,,f,2,,Dairy,,,,,
rye bread,,f,2,,Grain,,,,,
whey protein,,f,2,,,,,,,
hemp seed,,f,2,,,,,,,
white bread,,f,2,,Wheat,,,,,
red cabbage,,f,2,,Vegetable,,,,,
poached egg,,f,2,,Egg,,,,,
curry rice,,f,2,,Rice,,,,,
egg toast,,f,2,,Egg,Wheat,,,,
corn tortilla,,f,2,,Corn,,,,,
rice cracker,,f,2,,Rice,,,,,
prune,,f,1,,Fruit,,,,,
prawn,,f,1,,Seafood,,,,,
nugget,,f,1,,,,,,,
cupcake,,f,1,,Wheat,,,,,
falafel,,f,1,,,,,,,
miso,,f,1,,,,,,,
parsley,,f,1,,Vegetable,,,,,
tahini,,f,1,,,,,,,
fennel,,f,1,,,,,,,
leek,,f,1,,Vegetable,,,,,
brie,,f,1,,,,,,,
tart,,f,1,,,,,,,
courgette,,f,1,,,,,,,
oreo,,f,1,,,,,,,
spirulina,,f,1,,,,,,,
herbal,,f,1,,,,,,,
papaya,,f,1,,Fruit,,,,,
rooibos,,f,1,,Tea,,,,,
hemp,,f,1,,,,,,,
kiwi,,f,1,,Fruit,,,,,
beetroot,,f,1,,Vegetable,,,,,
avacado,,f,1,,Fruit,,,,,
cacao,,f,1,,,,,,,
flaxseed,,f,1,,,,,,,
bannana,,f,1,,Fruit,,,,,
chickpea,,f,1,,Lentil,,,,,
ghee,,f,1,,Dairy,,,,,
scone,,f,1,,,,,,,
kimchi,,f,1,,,,,,,
pastry,,f,1,,,,,,,
tumeric,,f,1,,,,,,,
pomegranate,,f,1,,Fruit,,,,,
buckwheat,,f,1,,,,,,,
apricot,,f,1,,Fruit,,,,,
sardine,,f,1,,Seafood,,,,,
agave,,f,1,,,,,,,
almond cashew,,f,2,,,,,,,
almond flour,,f,2,,Nuts,,,,,
aloe,,f,1,,,,,,,
apple sauce,,f,2,,Fruit,,,,,
applesauce,,f,1,,Fruit,,,,,
aubergine,,f,1,,Vegetable,,,,,
avocado oil,,f,2,,,,,,,
baby carrot,,f,2,,Vegetable,,,,,
baby spinach,,f,2,,Vegetable,,,,,
bacon egg cheese,,f,3,,Dairy,,,,,
baguette,,f,1,,Wheat,,,,,
basmati rice,,f,2,,Rice,,,,,
bbq sauce,,f,2,,,,,,,
bean corn,,f,2,,,,,,,
bean rice,,f,2,,Rice,,,,,
bean salad,,f,2,,Vegetable,,,,,
beef burger,,f,2,,Wheat,Meat,,,,
beef stew,,f,2,,Meat,,,,,
belvita,,f,1,,,,,,,
biscotti,,f,1,,,,,,,
black olive,,f,2,,,,,,,
black pepper,,f,2,,,,,,,
bok choy,,f,2,,Vegetable,,,,,
bolognese,,f,1,,,,,,,
bourbon,,f,1,,alcohol,,,,,
breadstick,,f,1,,Wheat,,,,,
broccoli cauliflower,,f,2,,Vegetable,,,,,
brocoli,,f,1,,Vegetable,,,,,
brocolli,,f,1,,Vegetable,,,,,
brown bread,,f,2,,Wheat,,,,,
brown sugar,,f,2,,,,,,,
buffalo chicken,,f,2,,Chicken,,,,,
burrito bowl,,f,2,,Vegetable,,,,,
butter cracker,,f,2,,,,,,,
cacao nib,,f,2,,,,,,,
cacao powder,,f,2,,,,,,,
capsicum,,f,1,,Vegetable,,,,,
cashew butter,,f,2,,Nuts,,,,,
cashew nut,,f,2,,Nuts,,,,,
Cayenne pepper,,f,2,,Vegetable,,,,,
cayenne,,f,1,,Vegetable,,,,,
cereal bar,,f,2,,,,,,,
chaga,,f,1,,,,,,,
chapati,,f,1,,Wheat,,,,,
chardonnay,,f,1,,Alcohol,,,,,
chees,,f,1,,,,,,,
cheese salad,,f,2,,Vegetable,Dairy,,,,
chex,,f,1,,,,,,,
chia pudding,,f,2,,,,,,,
chick pea,,f,2,,Lentil,,,,,
chicken burger,,f,2,,Chicken,Wheat,,,,
chicken leg,,f,2,,Chicken,,,,,
chicken nugget,,f,2,,Chicken,,,,,
chicken strip,,f,2,,Chicken,,,,,
chicken tender,,f,2,,Chicken,,,,,
chicory,,f,1,,Vegetable,,,,,
chip guacamole,,f,2,,,,,,,
chlorella,,f,1,,,,,,,
choc chip,,f,2,,,,,,,
chocolat,,f,1,,,,,,,
chocolate biscuit,,f,2,,,,,,,
chocolate candy,,f,2,,,,,,,
chocolate cookie,,f,2,,,,,,,
chocolate ice cream,,f,3,,,,,,,
chutney,,f,1,,,,,,,
cocoa powder,,f,2,,,,,,,
coconut cream,,f,2,,Fruit,Dairy,,,,
coffee cake,,f,2,,Coffee,Wheat,,,,
collard,,f,1,,Vegetable,,,,,
collard green,,f,2,,Vegetable,,,,,
coriander,,f,1,,Vegetable,,,,,
corn cob,,f,2,,Corn,,,,,
cornflakes,,f,1,,Corn,,,,,
cracker cheese,,f,2,,Dairy,,,,,
cream cone,,f,2,,Dairy,,,,,
cream stevia,,f,2,,,,,,,
creme,,f,1,,Dairy,,,,,
crepe,,f,1,,Wheat,,,,,
crispbread,,f,1,,Wheat,,,,,
crumble,,f,1,,,,,,,
crumpet,,f,1,,,,,,,
cucumber salad,,f,2,,Vegetable,,,,,
cumin,,f,1,,,,,,,
curd,,f,1,,Dairy,,,,,
curry chicken,,f,2,,Chicken,,,,,
custard,,f,1,,,,,,,
dal,,f,1,,Lentil,,,,,
dandelion,,f,1,,,,,,,
dark choc,,f,2,,,,,,,
deviled egg,,f,2,,Egg,,,,,
dew,,f,1,,Caffeine,Soda,,,,
dill,,f,1,,,,,,,
dill pickle,,f,2,,,,,,,
dosa,,f,1,,Vegetable,,,,,
dried apricot,,f,2,,Fruit,,,,,
egg fried,,f,2,,Egg,,,,,
egg omelette,,f,2,,Egg,,,,,
energy bar,,f,2,,,,,,,
evening primrose,,f,2,,,,,,,
extra virgin olive oil,,f,4,,,,,,,
ezekiel bread,,f,2,,Wheat,,,,,
filet,,f,1,,Meat,,,,,
fillet,,f,1,,Meat,,,,,
fish chip,,f,2,,Fish,,,,,
flapjack,,f,1,,,,,,,
flat bread,,f,2,,Wheat,,,,,
flatbread,,f,1,,Wheat,,,,,
fritos,,f,1,,,,,,,
fritter,,f,1,,,,,,,
fudge,,f,1,,,,,,,
ginseng,,f,1,,,,,,,
gluten free bread,,f,3,,Wheat,,,,,
gnocchi,,f,1,,,,,,,
goji berry,,f,2,,Fruit,,,,,
gouda cheese,,f,2,,Dairy,,,,,
graham cracker,,f,2,,,,,,,
grass fed beef,,f,3,,Meat,,,,,
grass fed butter,,f,3,,Dairy,,,,,
green olive,,f,2,,,,,,,
green onion,,f,2,,Vegetable,,,,,
green pea,,f,2,,Vegetable,,,,,
green pepper,,f,2,,Vegetable,,,,,
guac,,f,1,,,,,,,
guava,,f,1,,Fruit,,,,,
gummies,,f,1,,,,,,,
gummy,,f,1,,,,,,,
halloumi,,f,1,,,,,,,
hemp heart,,f,2,,,,,,,
herring,,f,1,,Fish,,,,,
hot sauce,,f,2,,,,,,,
houmous,,f,1,,,,,,,
hummus carrot,,f,2,,Vegetable,,,,,
ice cream cone,,f,3,,Dairy,,,,,
italian sausage,,f,2,,Meat,,,,,
jasmine rice,,f,2,,Rice,,,,,
jello,,f,1,,,,,,,
kale spinach,,f,2,,Vegetable,,,,,
kebab,,f,1,,Meat,,,,,
kelp,,f,1,,,,,,,
kidney bean,,f,2,,Vegetable,,,,,
lamb chop,,f,2,,Meat,,,,,
larabar,,f,1,,,,,,,
lasagne,,f,1,,,,,,,
licorice,,f,1,,Candie,,,,,
linseed,,f,1,,,,,,,
lion mane,,f,2,,,,,,,
loaf,,f,1,,Wheat,,,,,
maca,,f,1,,,,,,,
macaroni cheese,,f,2,,Dairy,,,,,
mackerel,,f,1,,,,,,,
mandarin orange,,f,2,,Fruit,,,,,
margarine,,f,1,,,,,,,
marmalade,,f,1,,,,,,,
marmite,,f,1,,,,,,,
marshmallow,,f,1,,,,,,,
mash potato,,f,2,,Vegetable,,,,,
mcdonalds,,f,1,,,,,,,
mcmuffin,,f,1,,,,,,,
milk thistle,,f,2,,,,,,,
millet,,f,1,,Grain,,,,,
mixed berry,,f,2,,Fruit,,,,,
moringa,,f,1,,Vegetable,,,,,
mousse,,f,1,,,,,,,
mozzarella cheese,,f,2,,Dairy,,,,,
multigrain,,f,1,,Grain,,,,,
mussel,,f,1,,Seafood,,,,,
natural peanut butter,,f,3,,Nuts,,,,,
nettle,,f,1,,,,,,,
nut bar,,f,2,,Nuts,,,,,
nut mix,,f,2,,Nuts,,,,,
nut seed,,f,2,,Nuts,,,,,
nutella,,f,1,,Nuts,,,,,
nutritional yeast,,f,2,,,,,,,
oatcake,,f,1,,Grain,,,,,
oatmeal cookie,,f,2,,Grain,,,,,
oatmeal raisin,,f,2,,Grain,,,,,
okra,,f,1,,Vegetable,,,,,
omlette,,f,1,,Egg,,,,,
oregano,,f,1,,,,,,,
overnight oat,,f,2,,Grain,,,,,
paneer,,f,1,,Dairy,,,,,
panera,,f,1,,Wheat,,,,,
paprika,,f,1,,Vegetable,,,,,
parsnip,,f,1,,Vegetable,,,,,
pasta sauce,,f,2,,Vegetable,,,,,
pasta tomato,,f,2,,Vegetable,,,,,
paste,,f,1,,,,,,,
pate,,f,1,,,,,,,
pbj,,f,1,,,,,,,
pea protein,,f,2,,,,,,,
peanut butter cracker,,f,3,,Nuts,,,,,
peanut butter cup,,f,3,,,,,,,
peanutbutter,,f,1,,Nuts,,,,,
penne,,f,1,,,,,,,
peppermint,,f,1,,,,,,,
persimmon,,f,1,,Fruit,,,,,
piece chocolate,,f,2,,,,,,,
pine nut,,f,2,,Nuts,,,,,
pizza slice,,f,2,,Wheat,,,,,
plantain chip,,f,2,,Vegetable,,,,,
polenta,,f,1,,,,,,,
popsicle,,f,1,,,,,,,
pork belly,,f,2,,Meat,,,,,
pork rind,,f,2,,Meat,,,,,
pork sausage,,f,2,,Meat,,,,,
pork tenderloin,,f,2,,Meat,,,,,
prosciutto,,f,1,,,,,,,
protein ball,,f,2,,,,,,,
provolone,,f,1,,,,,,,
pumpkin pie,,f,2,,Vegetable,,,,,
puree,,f,1,,,,,,,
queso,,f,1,,,,,,,
quest bar,,f,2,,,,,,,
quorn,,f,1,,,,,,,
raisin bran,,f,2,,,,,,,
red bean,,f,2,,Vegetable,,,,,
red grape,,f,2,,Fruit,,,,,
red lentil,,f,2,,Lentil,,,,,
red potato,,f,2,,Vegetable,,,,,
reeses,,f,1,,,,,,,
rhubarb,,f,1,,Vegetable,,,,,
ribeye,,f,1,,Meat,,,,,
rice black,,f,2,,Rice,,,,,
rice lentil,,f,2,,Rice,,,,,
rice noodle,,f,2,,Rice,,,,,
rice pudding,,f,2,,Rice,,,,,
ricotta,,f,1,,Cheese,,,,,
rind,,f,1,,,,,,,
risotto,,f,1,,Rice,,,,,
ritz cracker,,f,2,,,,,,,
roast chicken,,f,2,,Chicken,,,,,
roast potato,,f,2,,Vegetable,,,,,
roasted potato,,f,2,,Vegetable,,,,,
rolled oat,,f,2,,Grain,,,,,
romaine lettuce,,f,2,,Vegetable,,,,,
rosemary,,f,1,,,,,,,
roti,,f,1,,Wheat,,,,,
rye toast,,f,2,,Grain,,,,,
salat,,f,1,,,,,,,
saltine,,f,1,,,,,,,
samosa,,f,1,,Wheat,Vegetable,,,,
sandwhich,,f,1,,Wheat,,,,,
satsuma,,f,1,,Fruit,,,,,
sausage patty,,f,2,,Meat,,,,,
sausage roll,,f,2,,Meat,,,,,
scallop,,f,1,,Seafood,,,,,
seed almond,,f,2,,,,,,,
seed chia,,f,2,,,,,,,
sesame seed,,f,2,,,,,,,
shortbread,,f,1,,Wheat,,,,,
shredded cheese,,f,2,,Dairy,,,,,
shredded wheat,,f,2,,Wheat,,,,,
sirloin,,f,1,,Meat,,,,,
snap pea,,f,2,,Vegetable,,,,,
special k,,f,2,,,,,,,
spelt,,f,1,,,,,,,
spring mix,,f,2,,Vegetable,,,,,
sriracha,,f,1,,Vegetable,,,,,
steamed broccoli,,f,2,,Vegetable,,,,,
strawberry blueberry,,f,2,,Fruit,,,,,
strawberry jam,,f,2,,Fruit,,,,,
sultana,,f,1,,,,,,,
sweet corn,,f,2,,Vegetable,,,,,
sweet pepper,,f,2,,Vegetable,,,,,
sweet sour,,f,2,,,,,,,
sweetcorn,,f,1,,Vegetable,,,,,
swiss chard,,f,2,,Vegetable,,,,,
swiss cheese,,f,2,,Dairy,,,,,
tempeh,,f,1,,,,,,,
tenderloin,,f,1,,Meat,,,,,
tilapia,,f,1,,Fish,,,,,
toast cheese,,f,2,,Dairy,,,,,
toast egg,,f,2,,Egg,Wheat,,,,
toast jam,,f,2,,Wheat,,,,,
toffee,,f,1,,,,,,,
tom,,f,1,,,,,,,
tomatoe,,f,1,,Vegetable,,,,,
tostada,,f,1,,,,,,,
truffle,,f,1,,,,,,,
turkey breast,,f,2,,,,,,,
turnip,,f,1,,Vegetable,,,,,
vegan cheese,,f,2,,,,,,,
vegemite,,f,1,,,,,,,
vegetable salad,,f,2,,Vegetable,,,,,
venison,,f,1,,Meat,,,,,
wafer,,f,1,,,,,,,
weetabix,,f,1,,,,,,,
whipped cream,,f,2,,,,,,,
white bean,,f,2,,Lentil,,,,,
wholegrain,,f,1,,,,,,,
wholemeal bread,,f,2,,Wheat,,,,,
wholewheat,,f,1,,Wheat,,,,,
wonton,,f,1,,,,,,,
yellow pepper,,f,2,,Vegetable,,,,,
heavy cream,,f,2,,,,,,,
sea salt,,f,2,,,,,,,
juice,,general,1,,,,,,,
protein,,general,1,,,,,,,
breakfast,,general,1,,,,,,,
dinner,,general,1,,,,,,,
lunch,,general,1,,,,,,,
snack,,general,1,,,,,,,
vegan,,general,1,,,,,,,
drink,,general,1,,,,,,,
dessert,,general,1,,,,,,,
adderall,,m,1,Prescription,ADD/ADHD,narcolepsy,amphetamine,,,
adderall xr milligram,,m,3,Prescription,ADD/ADHD,narcolepsy,amphetamine,,,
adrenal,,m,1,doesn't make sense,,,,,,
advil,,m,1,OTC,ibruprofen,pain ,fever,NSAID,,
aleve,,m,1,OTC,naproxen,pain ,fever,NSAID,,
alpha lipoic acid,,m,3,Supplement,,,,,,
amino,,m,1,Supplement,,,,,,
amino acid,,m,2,Supplement,,,,,,
amlodipine,,m,1,Prescription,antihypertensive,calcium channel blocker,,,,
antibiotic,,m,1,Prescription,infection,,,,,
antihistamine,,m,,allergy,itching,,,,,
armour thyroid,,m,2,Prescription,thyroid supplement,thyroid suppression,,,,
ashwaganda,ashwagandha,m,1,supplement,anxiety,depression,male fertility,decrease blood sugar,,
ashwagandha,,m,1,supplement,anxiety,depression,male fertility,decrease blood sugar,,
aspirin,,m,1,OTC,pain,fever,anti-inflamatory,prevent blood clots,NSAID,
atarax,,m,1,Prescription,itching,anxiety,nausea,antihistamine,https://en.wikipedia.org/wiki/Hydroxyzine,
atenolol,,m,1,Prescription,antihypertensive,chest pain,decrease heart rate,beta blocker,,
atorvastatin,,m,1,Prescription,cholesterol lowering agent,statin,,,,
b complex,,m,2,Supplement,blood and nerve health,depression,increase energy,,,
b complex vitamin,,m,3,Supplement,blood and nerve health,depression,increase energy,,,
b mcg,,m,2,Supplement,,,,,,
b vitamin,,m,2,Supplement,,,,,,
baby aspirin,,m,2,OTC,cardioprotective,anticoagulant,NSAID,,,
bcaa,,m,1,Supplement,increase muscle mass,amino acid,,,,
benadryl,,m,1,OTC,allergy,itching,insomnia,antihistamine,,
berberine,,m,1,Supplement,diabetes,cholesterol,hypertension,may damage liver,,
biotin,,m,1,Supplement,"hair, skin, nails",vitamin B7,,,,
birth control,,m,2,birth control,,,,,,
black seed oil,,m,3,Supplement,diabetes,asthma,weight loss ,,,
brain octane,,m,2,Supplement,improve memory,,,,,
bupropion,,m,1,Prescription,depression,smoking cessation,anxiety,panic attacks,antidepressant,
c vitamin,,m,2,Supplement,wound healing,aids iron absorption,acidify urine,boost immunity,,
calcium,,m,1,Supplement,supplement ,,,,,
calcium magnesium,,m,2,Supplement,bone health,,,,,
cbd,cannabidiol,m,1,Supplement,anxiety,depression,PTSD,insomnia,,
cbd oil,,m,2,Supplement,Lennox-Gastaut syndrome,anxiety,insomnia,chronic pain,,
centrum,,m,1,Supplement,health maintenance,vitamin and mineral supplement,,,,
cetirizine,,m,1,OTC,allergy,itching,antihistamine,,,
chondroitin,,m,1,Supplement,osteoarthritis,joint pain,,,,
citalopram,,m,1,Prescription,depression,obsessive compulsive disorder,panic disorder,social phobia,antidepressant,
citrate,,m,1,doesn't make sense,,,,,,
claritin,,m,1,OTC,allergy,itching,antihistamine,,https://en.wikipedia.org/wiki/Loratadine,
cod liver oil,,m,3,Supplement,inflammation,contains vitamins a and d,,,,
collagen powder,,m,2,Supplement,joint pain,skin health,muscle mass,,,
collagen protein,,m,2,Supplement,joint pain,skin health,muscle mass,,,
complex vitamin,,m,2,Supplement,health maintenance,,,,,
coq,coenzyme Q10,m,1,Supplement,heart health,migraine prevention,,,,
creatine,,m,1,Supplement,increase muscle mass,,,,,
curcumin,,m,1,Supplement,osteoarthritis,pain/inflammation,,,,
daily vitamin,,m,2,Supplement,,,,,,
dha,,m,1,Supplement,,,,,,
dhea,,m,1,Supplement,,,,,,
digestive enzyme,,m,2,Supplement,,,,,,
escitalopram,,m,1,Prescription,depression,anxeity,antidepressant,,,
estradiol,,m,1,Prescription,menopause hormone replacement therapy,,,,,
fiber,,m,1,Supplement,,,,,,
fish oil,,m,2,Supplement,,,,,,
fish oil vitamin,,m,3,Supplement,,,,,,
flonase,,m,1,OTC,nasal allergy symptoms,topical anti-inflammatory,corticosteroid,,,
fluoxetine,,m,1,Prescription,depression,obsessive compulsive disorder,bulemia,panic disorder,premenstrual dysphoric disorder,antidepresant
folic,folic acid,m,1,Supplement,anemia,reduce risk of neural tube defects in pregnancy,,,,
folic acid,,m,2,Supplement,anemia,reduce risk of neural tube defects in pregnancy,,,,
gabapentin,,m,1,Prescription,partial seizures,neuropathic pain,anticonvulsant,,,
ginko biloba,,m,2,Supplement,,,,,,
glucosamine,,m,1,Supplement,,,,,,
glutamine,,m,1,Supplement,protien synthesis,,,,,
gnc multi vit,,m,3,Supplement,,,,,,
gnc multi vit sport,,m,4,Supplement,,,,,,
gnc multivitamin,,m,2,Supplement,,,,,,
hctz,hydrochlorothiazide,m,1,Prescription,hypertension,edema,diabetes insipidus,diuretic,,
hydrochlorothiazide,,m,1,Prescription,hypertension,edema,diabetes insipidus,diuretic,,
ibuprofen,,m,1,OTC (low dose),Prescription (higher doses),pain,fever,inflammation,NSAID,
insulin,,m,1,OTC human insulin,Prescription (insuin anaglogs),diabetes,,,,
iron,,m,1,Supplement,anemia,,,,,
iu vitamin,,m,2,doesn't make sense,,,,,,
krill oil,,m,2,Supplement,,,,,,
lamotrigine,,m,1,Prescription,epilepsy,bipolar disorder,migraine headaches,anticonvulsant,,
levothyroxine,,m,1,Prescription,thyroid hormone replacement,thyroid tumors,,,,
levothyroxine mcg,,m,2,Prescription,thyroid hormone replacement,thyroid tumors,,,,
lexapro,,m,1,Prescription,depression,anxiety,antidepressant,,,
liothyronine,,m,1,Prescription,thyroid hormone replacement,,,,,
lipitor,,m,1,Prescription,cholesterol lowering agent,statin,,,,
lipoic,,m,1,Supplement,,,,,,
lipoic acid,,m,2,Supplement,,,,,,
lisinopril,,m,1,Prescription,hypertension,,heart failure,prevent kidney injury in diabetics,angiotentin-converting enzyme inhibitor,
losartan,,m,1,Prescription,hypertension,diabetic kidney disease,heart failure,angiotension receptor blocker,,
lutein,,m,1,Supplement,eye health,,,,,
lysine,,m,1,Supplement,,,,,,
magnesium,,m,1,Supplement,Minerals,,,,,
magnesium citrate,,m,2,Supplement,,,,,,
magnesium glycinate,,m,2,Supplement,,,,,,
magnesium vitamin,,m,2,Supplement,,,,,,
magnesium zinc,,m,2,Supplement,,,,,,
mct oil,,m,2,Supplement,,,,,,
melatonin,,m,1,Supplement, Sleep,,,,,
metamucil,,m,1,Supplement,,,,,,
metformin,,m,1,Prescription,diabetes,polycystic ovary syndrome,biguanide,,,
montelukast,,m,1,Prescription,asthma,leukotriene receptor antagonist,,,,
msm,methylsulfonylmethane,m,1,Supplement,,,,,,
multi vit sport,,m,3,Supplement,,,,,,
multi vitamin,,m,2,Supplement,,,,,,
multivitamin,,m,1,Supplement,Supplement,,,,,
multivitamin probiotic,,m,2,Supplement,,,,,,
multivitamin vitamin,,m,2,Supplement,,,,,,
nac,,m,1,Supplement,,,,,,
naproxen,,m,1,OTC (low dose),Prescription(higher doses),pain,inflammation,NSAID,,
niacin,,m,1,OTC (low dose),Prescription(higher doses),supplement,cholesterol ,,,
oil magnesium,,m,2,Supplement,,,,,,
oil vitamin,,m,2,Supplement,,,,,,
omega fish oil,,m,3,Supplement,Heart health,,,,,
omega vitamin,,m,2,Supplement,,,,,,
omeprazole,,m,1,OTC (low dose),Prescription (higher dose),gastroesophageal reflux,peptic ulcer,Zollinger-Ellison syndrome,proton-pump inhibitor,
pantoprazole,,m,1,OTC (low dose),Prescription (higher dose),gastroesophageal reflux,peptic ulcer,Zollinger-Ellison syndrome,proton-pump inhibitor,
paracetamol,,m,1,OTC,pain,fever,another name for acetaminophen,,,
pepcid,,m,1,OTC (low dose),Prescription (higher dose),acid reflux,,,,
potassium,,m,1,OTC (low dose),Prescription (higher dose),potassium replacement,,,,
prebiotic,,m,1,Supplement,,,,,,
primrose oil,,m,2,Supplement,,,,,,
probiotic,,m,1,Supplement,,,,,,
progesterone,,m,1,Prescription,regulate menstrual cycle,maintain pregnancy,female hormone,,,
psyllium,,m,1,,,,,,,
psyllium husk,,m,2,,,,,,,
ramipril,,m,1,Prescription,hypertension,heart failure,diabetic kidney disease,angiotension-converting enzyme inhibitor,,
red rice,,m,2,Supplement,,,,,,
red rice yeast,,m,3,Supplement,,,,,,
red rice yeast pill,,m,4,Supplement,,,,,,
resveratrol,,m,1,Supplement,,,,,,
rosuvastatin,,m,1,Prescription,cholesterol,statin,,,,
selenium,,m,1,Supplement,,,,,,
sertraline,,m,1,Prescription,depression,obsessive-compulsive disorder,panic disorder,PTSD,premenstrual dysphoric disorder,
simvastatin,,m,1,Prescription,cholesterol,statin,,,,
spice,,m,1,Supplement,,,,,,
sport glucosamine,,m,2,Supplement,,,,,,
symbicort,,m,1,Prescription,asthma,COPD,inhaled steroid with long acting beta agonist,,,
synthroid,,m,1,Prescription,thyroid replacement,hormone,,,,
synthroid mcg,,m,2,Prescription,thyroid replacement,hormone,,,,
tee,,m,1,,,,,,,
theanine,,m,1,supplement,amino acid analog,,,,,
thyroid med,,m,2,,,,,,,
thyroxine,,m,1,Prescription,thyroid replacement,hormone,,,,
turmeric,,m,1,Supplement,,,,,,
tylenol,,m,1,OTC,pain,fever,,,,
ubiquinol,,m,1,Supplement,heart health,,,,,
virgin olive oil,,m,3,Does not belong - f,,,,,,
vit b,,m,2,Supplement,,,,,,
vit c,,m,2,Supplement,,,,,,
vit k,,m,2,OTC (low dose),Prescription (higher dose),bleeding disorders,,,,
vit sport glucosamine,,m,3,Supplement,,,,,,
vitamin,,m,1,Supplement,supplement,,,,,
vitamin b,,m,2,Supplement,,,,,,
vitamin b complex,,m,3,Supplement,,,,,,
vitamin b vitamin,,m,3,Supplement,,,,,,
vitamin c,,m,2,Supplement,,,,,,
vitamin c vitamin,,m,3,Supplement,,,,,,
vitamin d,,m,2,Supplement,,,,,,
vitamin e,,m,2,Supplement,,,,,,
vitamin fish oil,,m,3,Supplement,,,,,,
vitamin iu,,m,2,Supplement,,,,,,
vitamin k,,m,2,OTC (low dose),Prescription (higher doses),bleeding disorders,,,,
vitamin magnesium,,m,2,Supplement,,,,,,
vitamin omega,,m,2,Supplement,,,,,,
vitamin probiotic,,m,2,Supplement,,,,,,
vitamin supplement,,m,2,Supplement,,,,,,
vitamin vitamin,,m,2,Supplement,,,,,,
wellbutrin,,m,1,Prescription,depression,seasonal affective disorder,antidepressant,,,
xylitol,,m,1,Sweetner,,,,,,
zoloft,,m,1,Prescription,depression,obsessive-compulsive disorder,panic disorder,PTSD,premenstrual dysphoric disorder,
zyrtec,,m,1,OTC,allergy,itching,antihistamine,,,
ice,,modifier,1,,,,,,,
teriyaki,,modifier,1,,,,,,,
sugar,,modifier,1,,,,,,,
cream,,modifier,1,,Dairy,,,,,
mustard,,modifier,1,Condiment,,,,,,
maple syrup,,modifier,2,,,,,,,
added,,modifier,1,,,,,,,
alcoholic,,modifier,1,,,,,,,
allergy,,modifier,1,,,,,,,
bone,,modifier,1,,,,,,,
breaded,,modifier,1,,,,,,,
brewed,,modifier,1,,,,,,,
caffeine free,,modifier,2,,,,,,,
canned,,modifier,1,,,,,,,
carbonated,,modifier,1,,,,,,,
cheesy,,modifier,1,,,,,,,
chocolate covered,,modifier,2,,,,,,,
chopped,,modifier,1,,,,,,,
complete,,modifier,1,,,,,,,
creamy,,modifier,1,,,,,,,
crispy,,modifier,1,,,,,,,
crunchy,,modifier,1,,,,,,,
cube,,modifier,1,,,,,,,
dairy free,,modifier,2,,,,,,,
decaff,,modifier,1,,,,,,,
decaffeinated,,modifier,1,,,,,,,
deep,,modifier,1,,,,,,,
fat free,,modifier,2,,,,,,,
filtered,,modifier,1,,,,,,,
fizzy,,modifier,1,,,,,,,
flavored,,modifier,1,,,,,,,
frosted,,modifier,1,,,,,,,
grande,,modifier,1,,,,,,,
inch,,modifier,1,,,,,,,
japanese,,modifier,1,,,,,,,
korean,,modifier,1,,,,,,,
lactose free,,modifier,2,,,,,,,
lager,,modifier,1,,,,,,,
late,,modifier,1,,,,,,,
liquid,,modifier,1,,,,,,,
litre,,modifier,1,,,,,,,
little,,modifier,1,,,,,,,
long,,modifier,1,,,,,,,
low dose,,modifier,2,,,,,,,
low fat,,modifier,2,,,,,,,
lowfat,,modifier,1,,,,,,,
minced,,modifier,1,,,,,,,
mm,,modifier,1,,,,,,,
no bun,,modifier,2,,,,,,,
no sweetener,,modifier,2,,,,,,,
non,,modifier,1,,,,,,,
nonfat,,modifier,1,,,,,,,
old,,modifier,1,,,,,,,
one half,,modifier,2,,,,,,,
overnight,,modifier,1,,,,,,,
percent,,modifier,1,,,,,,,
pure,,modifier,1,,,,,,,
purple,,modifier,1,,,,,,,
quarter cup,,modifier,2,,,,,,,
regular,,modifier,1,,,,,,,
salt pepper,,modifier,2,,,,,,,
short,,modifier,1,,,,,,,
single,,modifier,1,,,,,,,
size,,modifier,1,,,,,,,
skinny,,modifier,1,,,,,,,
slice,,modifier,1,,,,,,,
sliced,,modifier,1,,,,,,,
small glass,,modifier,2,,,,,,,
small piece,,modifier,2,,,,,,,
sodium,,modifier,1,,,,,,,
spoon,,modifier,1,,,,,,,
stirfry,,modifier,1,,,,,,,
sugarfree,,modifier,1,,,,,,,
sweetened,,modifier,1,,,,,,,
sweetner,,modifier,1,,,,,,,
tall,,modifier,1,,,,,,,
tap,,modifier,1,,,,,,,
teaspoon,,modifier,1,,,,,,,
tender,,modifier,1,,,,,,,
third,,modifier,1,,,,,,,
top,,modifier,1,,,,,,,
triple,,modifier,1,,,,,,,
truvia,,modifier,1,,,,,,,
turkish,,modifier,1,,,,,,,
two slice,,modifier,2,,,,,,,
unsweetened,,modifier,1,,,,,,,
unsweet,,modifier,1,,,,,,,
warm,,modifier,1,,,,,,,
without,,modifier,1,,,,,,,
low carb,,modifier,2,,,,,,,
cup,,modifier,2,,,,,,,
sugar free,,modifier,2,,,,,,,
ounce,,modifier,1,,,,,,,
gluten free,,modifier,2,,,,,,,
no sugar,,modifier,2,,,,,,,
salted,,modifier,1,,,,,,,
skim,,modifier,1,,,,,,,
sweetener,,modifier,1,,,,,,,
serving,,modifier,1,,,,,,,
mug,,modifier,1,,,,,,,
evening,,modifier,1,,,,,,,
poached,,modifier,1,,,,,,,
digestive,,modifier,1,,,,,,,
ml,,modifier,1,,,,,,,
indian,,modifier,1,,,,,,,
toasted,,modifier,1,,,,,,,
sprouted,,modifier,1,,,,,,,
nutritional,,modifier,1,,,,,,,
extra,,modifier,1,,,,,,,
medication,,modifier,1,,,,,,,
instant,,modifier,1,,,,,,,
tablespoon,,modifier,1,,,,,,,
gram,,modifier,1,,,,,,,
dry,,modifier,1,,,,,,,
gr,,modifier,1,,,,,,,
capsule,,modifier,1,,,,,,,
heavy,,modifier,1,,,,,,,
tsp,,modifier,1,,,,,,,
crisp,,modifier,1,,,,,,,
med,,modifier,1,,,,,,,
no,,modifier,1,,,,,,,
free,,modifier,1,,,,,,,
g,,modifier,1,,,,,,,
tb,,modifier,1,,,,,,,
full,,modifier,1,,,,,,,
brazil,,modifier,1,,,,,,,
plus,,modifier,1,,,,,,,
flat,,modifier,1,,,,,,,
square,,modifier,1,,,,,,,
natural,,modifier,1,,,,,,,
bite,,modifier,1,,,,,,,
skimmed,,modifier,1,,,,,,,
quarter,,modifier,1,,,,,,,
thin,,modifier,1,,,,,,,
white,,modifier,1,,,,,,,
red,,modifier,1,,,,,,,
hot,,modifier,1,,,,,,,
whole,,modifier,1,,,,,,,
veg,,modifier,1,,,,,,,
sweet,,modifier,1,,,,,,,
black,,modifier,1,,,,,,,
decaf,,modifier,1,,,,,,,
raw,,modifier,1,,,,,,,
diet,,modifier,1,,,,,,,
one,,modifier,1,,,,,,,
organic,,modifier,1,,,,,,,
roasted,,modifier,1,,,,,,,
roast,,modifier,1,,,,,,,
multi,,modifier,1,,,,,,,
fried,,modifier,1,,,,,,,
large,,modifier,1,,,,,,,
fresh,,modifier,1,,,,,,,
mixed,,modifier,1,,,,,,,
dried,,modifier,1,,,,,,,
handful,,modifier,1,,,,,,,
mix,,modifier,1,,,,,,,
steamed,,modifier,1,,,,,,,
mini,,modifier,1,,,,,,,
grilled,,modifier,1,,,,,,,
plain,,modifier,1,,,,,,,
morning,,modifier,1,,,,,,,
baked,,modifier,1,,,,,,,
bake,,modifier,,,,,,,,
baby,,modifier,1,,,,,,,
frozen,,modifier,1,,,,,,,
swiss,,modifier,1,,,,,,,
brown,,modifier,1,,,,,,,
thai,,modifier,1,,,,,,,
greek,,modifier,1,,,,,,,
shredded,,modifier,1,,,,,,,
yellow,,modifier,1,,,,,,,
light,,modifier,1,,,,,,,
low,,modifier,1,,,,,,,
vegetarian,,modifier,1,,,,,,,
double,,modifier,1,,,,,,,
italian,,modifier,1,,,,,,,
chinese,,modifier,1,,,,,,,
smoked,,modifier,1,,,,,,,
french,,modifier,1,,,,,,,
cooked,,modifier,1,,,,,,,
zero,,modifier,1,,,,,,,
boiled,,modifier,1,,,,,,,
stuffed,,modifier,1,,,,,,,
ground,,modifier,1,,,,,,,
wild,,modifier,1,,,,,,,
spicy,,modifier,1,,,,,,,
soft,,modifier,1,,,,,,,
medium,,modifier,1,,,,,,,
mexican,,modifier,1,,,,,,,
covered,,modifier,1,,,,,,,
cold,,modifier,1,,,,,,,
shot,,modifier,1,,,,,,,
iced,,modifier,1,,,,,,,
sub,,modifier,1,,,,,,,
pop,,modifier,1,,,,,,,
big,,modifier,1,,,,,,,
side,,modifier,1,,,,,,,
bake,,modifier,1,,,,,,,
bag,,modifier,1,,,,,,,
blue,,modifier,1,,,,,,,
dark,,modifier,1,,,,,,,
leftover,,modifier,1,,,,,,,
scramble,,modifier,1,,,,,,,
asian,,modifier,1,,,,,,,
hard,,modifier,1,,,,,,,
buttered,,modifier,1,,,,,,,
mashed,,modifier,1,,,,,,,
tbsp,,modifier,1,,,,,,,
small,,modifier,1,,,,,,,
two,,modifier,1,,,,,,,
cold brew ,,modifier,2,,,,,,,
half,,modifier,1,,,,,,,
water,,w,1,,,,,,,
mineral water,,w,2,,,,,,,
liter water,,w,2,,,,,,,
seltzer water,,w,2,,,,,,,
soda water,,w,2,,,,,,,
spring water,,w,2,,,,,,,
tap water,,w,2,,,,,,,
methyl,,,1,,,,,,,
metoprolol,,,1,,,,,,,
mg,,modifier,1,,,,,,,
cup,,modifier,1,,,,,,,
half cup,,modifier,2,,,,,,,
bowl,,modifier,1,,,,,,,
spoonful,,modifier,1,,,,,,,
small cup,,modifier,2,,,,,,,
bottle,,modifier,1,,,,,,,
plate,,modifier,1,,,,,,,
iu,,modifier,1,,,,,,,
n,,modifier,1,,,,,,,
slice,,modifier,1,,,,,,,
tbsp,,modifier,1,,,,,,,
tb,,modifier,1,,,,,,,
tbs,,modifier,1,,,,,,,
three,,modifier,1,,,,,,,
scoop,,modifier,1,,,,,,,
quarter cup,,modifier,2,,,,,,,
tall,,modifier,1,,,,,,,
extra large,,modifier,2,,,,,,,
ounce,,modifier,1,,,,,,,
tbspn,,modifier,1,,,,,,,
oz,,modifier,1,,,,,,,
glass,,modifier,1,,,,,,,
small,,modifier,1,,,,,,,
half,,modifier,1,,,,,,,
swig,,modifier,1,,,,,,,
piece,,modifier,1,,,,,,,
oc,,stopwords,1,,,,,,,
amp,,stopwords,1,,,,,,,
homemade,,stopwords,1,,,,,,,
food,,stopwords,1,,,,,,,
foodporn,,stopwords,1,,,,,,,
first,,stopwords,1,,,,,,,
ate,,stopwords,1,,,,,,,
made,,stopwords,1,,,,,,,
home,,stopwords,1,,,,,,,
today,,stopwords,1,,,,,,,
make,,stopwords,1,,,,,,,
local,,stopwords,1,,,,,,,
new,,stopwords,1,,,,,,,
day,,stopwords,1,,,,,,,
birthday,,stopwords,1,,,,,,,
like,,stopwords,1,,,,,,,
amazing,,stopwords,1,,,,,,,
de,,stopwords,1,,,,,,,
happy,,stopwords,1,,,,,,,
year,,stopwords,1,,,,,,,
plate,,stopwords,1,,,,,,,
video,,stopwords,1,,,,,,,
dish,,stopwords,1,,,,,,,
house,,stopwords,1,,,,,,,
os,,stopwords,1,,,,,,,
tried,,stopwords,1,,,,,,,
super,,stopwords,1,,,,,,,
perfect,,stopwords,1,,,,,,,
delicious,,stopwords,1,,,,,,,
eating,,stopwords,1,,,,,,,
mg,,stopwords,1,,,,,,,
oz,,stopwords,1,,,,,,,
and,,stopwords,1,,,,,,,
w,,stopwords,1,,,,,,,
x,,stopwords,1,,,,,,,
n,,stopwords,1,,,,,,,
mlhandful,,stopwords,1,,,,,,,